ISO-10303-21;
HEADER;
FILE_DESCRIPTION(('Open CASCADE Model'),'2;1');
FILE_NAME('Open CASCADE Shape Model','2026-05-14T00:12:13',('Author'),(
    'Open CASCADE'),'Open CASCADE STEP processor 7.8','build123d',
  'Unknown');
FILE_SCHEMA(('AUTOMOTIVE_DESIGN { 1 0 10303 214 1 1 1 1 }'));
ENDSEC;
DATA;
#1 = APPLICATION_PROTOCOL_DEFINITION('international standard',
  'automotive_design',2000,#2);
#2 = APPLICATION_CONTEXT(
  'core data for automotive mechanical design processes');
#3 = SHAPE_DEFINITION_REPRESENTATION(#4,#10);
#4 = PRODUCT_DEFINITION_SHAPE('','',#5);
#5 = PRODUCT_DEFINITION('design','',#6,#9);
#6 = PRODUCT_DEFINITION_FORMATION('','',#7);
#7 = PRODUCT('ASSEMBLY','ASSEMBLY','',(#8));
#8 = PRODUCT_CONTEXT('',#2,'mechanical');
#9 = PRODUCT_DEFINITION_CONTEXT('part definition',#2,'design');
#10 = SHAPE_REPRESENTATION('',(#11,#15,#19,#23),#27);
#11 = AXIS2_PLACEMENT_3D('',#12,#13,#14);
#12 = CARTESIAN_POINT('',(0.,0.,0.));
#13 = DIRECTION('',(0.,0.,1.));
#14 = DIRECTION('',(1.,0.,-0.));
#15 = AXIS2_PLACEMENT_3D('',#16,#17,#18);
#16 = CARTESIAN_POINT('',(0.,0.,0.));
#17 = DIRECTION('',(0.,0.,1.));
#18 = DIRECTION('',(1.,0.,-0.));
#19 = AXIS2_PLACEMENT_3D('',#20,#21,#22);
#20 = CARTESIAN_POINT('',(0.,0.,30.));
#21 = DIRECTION('',(0.,0.,1.));
#22 = DIRECTION('',(1.,0.,-0.));
#23 = AXIS2_PLACEMENT_3D('',#24,#25,#26);
#24 = CARTESIAN_POINT('',(0.,0.,50.));
#25 = DIRECTION('',(0.,0.,1.));
#26 = DIRECTION('',(1.,0.,-0.));
#27 = ( GEOMETRIC_REPRESENTATION_CONTEXT(3) 
GLOBAL_UNCERTAINTY_ASSIGNED_CONTEXT((#31)) GLOBAL_UNIT_ASSIGNED_CONTEXT(
(#28,#29,#30)) REPRESENTATION_CONTEXT('Context #1',
  '3D Context with UNIT and UNCERTAINTY') );
#28 = ( LENGTH_UNIT() NAMED_UNIT(*) SI_UNIT(.MILLI.,.METRE.) );
#29 = ( NAMED_UNIT(*) PLANE_ANGLE_UNIT() SI_UNIT($,.RADIAN.) );
#30 = ( NAMED_UNIT(*) SI_UNIT($,.STERADIAN.) SOLID_ANGLE_UNIT() );
#31 = UNCERTAINTY_MEASURE_WITH_UNIT(LENGTH_MEASURE(1.E-07),#28,
  'distance_accuracy_value','confusion accuracy');
#32 = PRODUCT_RELATED_PRODUCT_CATEGORY('part',$,(#7));
#33 = SHAPE_DEFINITION_REPRESENTATION(#34,#40);
#34 = PRODUCT_DEFINITION_SHAPE('','',#35);
#35 = PRODUCT_DEFINITION('design','',#36,#39);
#36 = PRODUCT_DEFINITION_FORMATION('','',#37);
#37 = PRODUCT('ASSEMBLY','ASSEMBLY','',(#38));
#38 = PRODUCT_CONTEXT('',#2,'mechanical');
#39 = PRODUCT_DEFINITION_CONTEXT('part definition',#2,'design');
#40 = SHAPE_REPRESENTATION('',(#11,#41,#45),#49);
#41 = AXIS2_PLACEMENT_3D('',#42,#43,#44);
#42 = CARTESIAN_POINT('',(45.1,-9.25,0.));
#43 = DIRECTION('',(0.,0.,1.));
#44 = DIRECTION('',(1.,0.,0.));
#45 = AXIS2_PLACEMENT_3D('',#46,#47,#48);
#46 = CARTESIAN_POINT('',(0.,0.,0.));
#47 = DIRECTION('',(0.,0.,1.));
#48 = DIRECTION('',(1.,0.,-0.));
#49 = ( GEOMETRIC_REPRESENTATION_CONTEXT(3) 
GLOBAL_UNCERTAINTY_ASSIGNED_CONTEXT((#53)) GLOBAL_UNIT_ASSIGNED_CONTEXT(
(#50,#51,#52)) REPRESENTATION_CONTEXT('Context #1',
  '3D Context with UNIT and UNCERTAINTY') );
#50 = ( LENGTH_UNIT() NAMED_UNIT(*) SI_UNIT(.MILLI.,.METRE.) );
#51 = ( NAMED_UNIT(*) PLANE_ANGLE_UNIT() SI_UNIT($,.RADIAN.) );
#52 = ( NAMED_UNIT(*) SI_UNIT($,.STERADIAN.) SOLID_ANGLE_UNIT() );
#53 = UNCERTAINTY_MEASURE_WITH_UNIT(LENGTH_MEASURE(1.E-07),#50,
  'distance_accuracy_value','confusion accuracy');
#54 = CONTEXT_DEPENDENT_SHAPE_REPRESENTATION(#55,#57);
#55 = ( REPRESENTATION_RELATIONSHIP('','',#40,#10) 
REPRESENTATION_RELATIONSHIP_WITH_TRANSFORMATION(#56) 
SHAPE_REPRESENTATION_RELATIONSHIP() );
#56 = ITEM_DEFINED_TRANSFORMATION('','',#11,#15);
#57 = PRODUCT_DEFINITION_SHAPE('Placement','Placement of an item',#58);
#58 = NEXT_ASSEMBLY_USAGE_OCCURRENCE('3','=>[0:1:1:2]','',#5,#35,$);
#59 = PRODUCT_RELATED_PRODUCT_CATEGORY('part',$,(#37));
#60 = SHAPE_DEFINITION_REPRESENTATION(#61,#67);
#61 = PRODUCT_DEFINITION_SHAPE('','',#62);
#62 = PRODUCT_DEFINITION('design','',#63,#66);
#63 = PRODUCT_DEFINITION_FORMATION('','',#64);
#64 = PRODUCT('SOLID','SOLID','',(#65));
#65 = PRODUCT_CONTEXT('',#2,'mechanical');
#66 = PRODUCT_DEFINITION_CONTEXT('part definition',#2,'design');
#67 = ADVANCED_BREP_SHAPE_REPRESENTATION('',(#11,#68),#398);
#68 = MANIFOLD_SOLID_BREP('',#69);
#69 = CLOSED_SHELL('',(#70,#190,#290,#337,#384,#391));
#70 = ADVANCED_FACE('',(#71),#85,.F.);
#71 = FACE_BOUND('',#72,.F.);
#72 = EDGE_LOOP('',(#73,#108,#136,#164));
#73 = ORIENTED_EDGE('',*,*,#74,.F.);
#74 = EDGE_CURVE('',#75,#77,#79,.T.);
#75 = VERTEX_POINT('',#76);
#76 = CARTESIAN_POINT('',(0.,0.,0.));
#77 = VERTEX_POINT('',#78);
#78 = CARTESIAN_POINT('',(0.,0.,25.));
#79 = SURFACE_CURVE('',#80,(#84,#96),.PCURVE_S1.);
#80 = LINE('',#81,#82);
#81 = CARTESIAN_POINT('',(0.,0.,0.));
#82 = VECTOR('',#83,1.);
#83 = DIRECTION('',(0.,0.,1.));
#84 = PCURVE('',#85,#90);
#85 = PLANE('',#86);
#86 = AXIS2_PLACEMENT_3D('',#87,#88,#89);
#87 = CARTESIAN_POINT('',(0.,0.,0.));
#88 = DIRECTION('',(1.,0.,-0.));
#89 = DIRECTION('',(0.,0.,1.));
#90 = DEFINITIONAL_REPRESENTATION('',(#91),#95);
#91 = LINE('',#92,#93);
#92 = CARTESIAN_POINT('',(0.,0.));
#93 = VECTOR('',#94,1.);
#94 = DIRECTION('',(1.,0.));
#95 = ( GEOMETRIC_REPRESENTATION_CONTEXT(2) 
PARAMETRIC_REPRESENTATION_CONTEXT() REPRESENTATION_CONTEXT('2D SPACE',''
  ) );
#96 = PCURVE('',#97,#102);
#97 = PLANE('',#98);
#98 = AXIS2_PLACEMENT_3D('',#99,#100,#101);
#99 = CARTESIAN_POINT('',(0.,0.,0.));
#100 = DIRECTION('',(-0.,1.,0.));
#101 = DIRECTION('',(0.,0.,1.));
#102 = DEFINITIONAL_REPRESENTATION('',(#103),#107);
#103 = LINE('',#104,#105);
#104 = CARTESIAN_POINT('',(0.,0.));
#105 = VECTOR('',#106,1.);
#106 = DIRECTION('',(1.,0.));
#107 = ( GEOMETRIC_REPRESENTATION_CONTEXT(2) 
PARAMETRIC_REPRESENTATION_CONTEXT() REPRESENTATION_CONTEXT('2D SPACE',''
  ) );
#108 = ORIENTED_EDGE('',*,*,#109,.T.);
#109 = EDGE_CURVE('',#75,#110,#112,.T.);
#110 = VERTEX_POINT('',#111);
#111 = CARTESIAN_POINT('',(0.,18.5,0.));
#112 = SURFACE_CURVE('',#113,(#117,#124),.PCURVE_S1.);
#113 = LINE('',#114,#115);
#114 = CARTESIAN_POINT('',(0.,0.,0.));
#115 = VECTOR('',#116,1.);
#116 = DIRECTION('',(-0.,1.,0.));
#117 = PCURVE('',#85,#118);
#118 = DEFINITIONAL_REPRESENTATION('',(#119),#123);
#119 = LINE('',#120,#121);
#120 = CARTESIAN_POINT('',(0.,0.));
#121 = VECTOR('',#122,1.);
#122 = DIRECTION('',(0.,-1.));
#123 = ( GEOMETRIC_REPRESENTATION_CONTEXT(2) 
PARAMETRIC_REPRESENTATION_CONTEXT() REPRESENTATION_CONTEXT('2D SPACE',''
  ) );
#124 = PCURVE('',#125,#130);
#125 = PLANE('',#126);
#126 = AXIS2_PLACEMENT_3D('',#127,#128,#129);
#127 = CARTESIAN_POINT('',(0.,0.,0.));
#128 = DIRECTION('',(0.,0.,1.));
#129 = DIRECTION('',(1.,0.,-0.));
#130 = DEFINITIONAL_REPRESENTATION('',(#131),#135);
#131 = LINE('',#132,#133);
#132 = CARTESIAN_POINT('',(0.,0.));
#133 = VECTOR('',#134,1.);
#134 = DIRECTION('',(0.,1.));
#135 = ( GEOMETRIC_REPRESENTATION_CONTEXT(2) 
PARAMETRIC_REPRESENTATION_CONTEXT() REPRESENTATION_CONTEXT('2D SPACE',''
  ) );
#136 = ORIENTED_EDGE('',*,*,#137,.T.);
#137 = EDGE_CURVE('',#110,#138,#140,.T.);
#138 = VERTEX_POINT('',#139);
#139 = CARTESIAN_POINT('',(0.,18.5,25.));
#140 = SURFACE_CURVE('',#141,(#145,#152),.PCURVE_S1.);
#141 = LINE('',#142,#143);
#142 = CARTESIAN_POINT('',(0.,18.5,0.));
#143 = VECTOR('',#144,1.);
#144 = DIRECTION('',(0.,0.,1.));
#145 = PCURVE('',#85,#146);
#146 = DEFINITIONAL_REPRESENTATION('',(#147),#151);
#147 = LINE('',#148,#149);
#148 = CARTESIAN_POINT('',(0.,-18.5));
#149 = VECTOR('',#150,1.);
#150 = DIRECTION('',(1.,0.));
#151 = ( GEOMETRIC_REPRESENTATION_CONTEXT(2) 
PARAMETRIC_REPRESENTATION_CONTEXT() REPRESENTATION_CONTEXT('2D SPACE',''
  ) );
#152 = PCURVE('',#153,#158);
#153 = PLANE('',#154);
#154 = AXIS2_PLACEMENT_3D('',#155,#156,#157);
#155 = CARTESIAN_POINT('',(0.,18.5,0.));
#156 = DIRECTION('',(-0.,1.,0.));
#157 = DIRECTION('',(0.,0.,1.));
#158 = DEFINITIONAL_REPRESENTATION('',(#159),#163);
#159 = LINE('',#160,#161);
#160 = CARTESIAN_POINT('',(0.,0.));
#161 = VECTOR('',#162,1.);
#162 = DIRECTION('',(1.,0.));
#163 = ( GEOMETRIC_REPRESENTATION_CONTEXT(2) 
PARAMETRIC_REPRESENTATION_CONTEXT() REPRESENTATION_CONTEXT('2D SPACE',''
  ) );
#164 = ORIENTED_EDGE('',*,*,#165,.F.);
#165 = EDGE_CURVE('',#77,#138,#166,.T.);
#166 = SURFACE_CURVE('',#167,(#171,#178),.PCURVE_S1.);
#167 = LINE('',#168,#169);
#168 = CARTESIAN_POINT('',(0.,0.,25.));
#169 = VECTOR('',#170,1.);
#170 = DIRECTION('',(-0.,1.,0.));
#171 = PCURVE('',#85,#172);
#172 = DEFINITIONAL_REPRESENTATION('',(#173),#177);
#173 = LINE('',#174,#175);
#174 = CARTESIAN_POINT('',(25.,0.));
#175 = VECTOR('',#176,1.);
#176 = DIRECTION('',(0.,-1.));
#177 = ( GEOMETRIC_REPRESENTATION_CONTEXT(2) 
PARAMETRIC_REPRESENTATION_CONTEXT() REPRESENTATION_CONTEXT('2D SPACE',''
  ) );
#178 = PCURVE('',#179,#184);
#179 = PLANE('',#180);
#180 = AXIS2_PLACEMENT_3D('',#181,#182,#183);
#181 = CARTESIAN_POINT('',(0.,0.,25.));
#182 = DIRECTION('',(0.,0.,1.));
#183 = DIRECTION('',(1.,0.,-0.));
#184 = DEFINITIONAL_REPRESENTATION('',(#185),#189);
#185 = LINE('',#186,#187);
#186 = CARTESIAN_POINT('',(0.,0.));
#187 = VECTOR('',#188,1.);
#188 = DIRECTION('',(0.,1.));
#189 = ( GEOMETRIC_REPRESENTATION_CONTEXT(2) 
PARAMETRIC_REPRESENTATION_CONTEXT() REPRESENTATION_CONTEXT('2D SPACE',''
  ) );
#190 = ADVANCED_FACE('',(#191),#205,.T.);
#191 = FACE_BOUND('',#192,.T.);
#192 = EDGE_LOOP('',(#193,#223,#246,#269));
#193 = ORIENTED_EDGE('',*,*,#194,.F.);
#194 = EDGE_CURVE('',#195,#197,#199,.T.);
#195 = VERTEX_POINT('',#196);
#196 = CARTESIAN_POINT('',(20.,0.,0.));
#197 = VERTEX_POINT('',#198);
#198 = CARTESIAN_POINT('',(20.,0.,25.));
#199 = SURFACE_CURVE('',#200,(#204,#216),.PCURVE_S1.);
#200 = LINE('',#201,#202);
#201 = CARTESIAN_POINT('',(20.,0.,0.));
#202 = VECTOR('',#203,1.);
#203 = DIRECTION('',(0.,0.,1.));
#204 = PCURVE('',#205,#210);
#205 = PLANE('',#206);
#206 = AXIS2_PLACEMENT_3D('',#207,#208,#209);
#207 = CARTESIAN_POINT('',(20.,0.,0.));
#208 = DIRECTION('',(1.,0.,-0.));
#209 = DIRECTION('',(0.,0.,1.));
#210 = DEFINITIONAL_REPRESENTATION('',(#211),#215);
#211 = LINE('',#212,#213);
#212 = CARTESIAN_POINT('',(0.,0.));
#213 = VECTOR('',#214,1.);
#214 = DIRECTION('',(1.,0.));
#215 = ( GEOMETRIC_REPRESENTATION_CONTEXT(2) 
PARAMETRIC_REPRESENTATION_CONTEXT() REPRESENTATION_CONTEXT('2D SPACE',''
  ) );
#216 = PCURVE('',#97,#217);
#217 = DEFINITIONAL_REPRESENTATION('',(#218),#222);
#218 = LINE('',#219,#220);
#219 = CARTESIAN_POINT('',(0.,20.));
#220 = VECTOR('',#221,1.);
#221 = DIRECTION('',(1.,0.));
#222 = ( GEOMETRIC_REPRESENTATION_CONTEXT(2) 
PARAMETRIC_REPRESENTATION_CONTEXT() REPRESENTATION_CONTEXT('2D SPACE',''
  ) );
#223 = ORIENTED_EDGE('',*,*,#224,.T.);
#224 = EDGE_CURVE('',#195,#225,#227,.T.);
#225 = VERTEX_POINT('',#226);
#226 = CARTESIAN_POINT('',(20.,18.5,0.));
#227 = SURFACE_CURVE('',#228,(#232,#239),.PCURVE_S1.);
#228 = LINE('',#229,#230);
#229 = CARTESIAN_POINT('',(20.,0.,0.));
#230 = VECTOR('',#231,1.);
#231 = DIRECTION('',(-0.,1.,0.));
#232 = PCURVE('',#205,#233);
#233 = DEFINITIONAL_REPRESENTATION('',(#234),#238);
#234 = LINE('',#235,#236);
#235 = CARTESIAN_POINT('',(0.,0.));
#236 = VECTOR('',#237,1.);
#237 = DIRECTION('',(0.,-1.));
#238 = ( GEOMETRIC_REPRESENTATION_CONTEXT(2) 
PARAMETRIC_REPRESENTATION_CONTEXT() REPRESENTATION_CONTEXT('2D SPACE',''
  ) );
#239 = PCURVE('',#125,#240);
#240 = DEFINITIONAL_REPRESENTATION('',(#241),#245);
#241 = LINE('',#242,#243);
#242 = CARTESIAN_POINT('',(20.,0.));
#243 = VECTOR('',#244,1.);
#244 = DIRECTION('',(0.,1.));
#245 = ( GEOMETRIC_REPRESENTATION_CONTEXT(2) 
PARAMETRIC_REPRESENTATION_CONTEXT() REPRESENTATION_CONTEXT('2D SPACE',''
  ) );
#246 = ORIENTED_EDGE('',*,*,#247,.T.);
#247 = EDGE_CURVE('',#225,#248,#250,.T.);
#248 = VERTEX_POINT('',#249);
#249 = CARTESIAN_POINT('',(20.,18.5,25.));
#250 = SURFACE_CURVE('',#251,(#255,#262),.PCURVE_S1.);
#251 = LINE('',#252,#253);
#252 = CARTESIAN_POINT('',(20.,18.5,0.));
#253 = VECTOR('',#254,1.);
#254 = DIRECTION('',(0.,0.,1.));
#255 = PCURVE('',#205,#256);
#256 = DEFINITIONAL_REPRESENTATION('',(#257),#261);
#257 = LINE('',#258,#259);
#258 = CARTESIAN_POINT('',(0.,-18.5));
#259 = VECTOR('',#260,1.);
#260 = DIRECTION('',(1.,0.));
#261 = ( GEOMETRIC_REPRESENTATION_CONTEXT(2) 
PARAMETRIC_REPRESENTATION_CONTEXT() REPRESENTATION_CONTEXT('2D SPACE',''
  ) );
#262 = PCURVE('',#153,#263);
#263 = DEFINITIONAL_REPRESENTATION('',(#264),#268);
#264 = LINE('',#265,#266);
#265 = CARTESIAN_POINT('',(0.,20.));
#266 = VECTOR('',#267,1.);
#267 = DIRECTION('',(1.,0.));
#268 = ( GEOMETRIC_REPRESENTATION_CONTEXT(2) 
PARAMETRIC_REPRESENTATION_CONTEXT() REPRESENTATION_CONTEXT('2D SPACE',''
  ) );
#269 = ORIENTED_EDGE('',*,*,#270,.F.);
#270 = EDGE_CURVE('',#197,#248,#271,.T.);
#271 = SURFACE_CURVE('',#272,(#276,#283),.PCURVE_S1.);
#272 = LINE('',#273,#274);
#273 = CARTESIAN_POINT('',(20.,0.,25.));
#274 = VECTOR('',#275,1.);
#275 = DIRECTION('',(-0.,1.,0.));
#276 = PCURVE('',#205,#277);
#277 = DEFINITIONAL_REPRESENTATION('',(#278),#282);
#278 = LINE('',#279,#280);
#279 = CARTESIAN_POINT('',(25.,0.));
#280 = VECTOR('',#281,1.);
#281 = DIRECTION('',(0.,-1.));
#282 = ( GEOMETRIC_REPRESENTATION_CONTEXT(2) 
PARAMETRIC_REPRESENTATION_CONTEXT() REPRESENTATION_CONTEXT('2D SPACE',''
  ) );
#283 = PCURVE('',#179,#284);
#284 = DEFINITIONAL_REPRESENTATION('',(#285),#289);
#285 = LINE('',#286,#287);
#286 = CARTESIAN_POINT('',(20.,0.));
#287 = VECTOR('',#288,1.);
#288 = DIRECTION('',(0.,1.));
#289 = ( GEOMETRIC_REPRESENTATION_CONTEXT(2) 
PARAMETRIC_REPRESENTATION_CONTEXT() REPRESENTATION_CONTEXT('2D SPACE',''
  ) );
#290 = ADVANCED_FACE('',(#291),#97,.F.);
#291 = FACE_BOUND('',#292,.F.);
#292 = EDGE_LOOP('',(#293,#314,#315,#336));
#293 = ORIENTED_EDGE('',*,*,#294,.F.);
#294 = EDGE_CURVE('',#75,#195,#295,.T.);
#295 = SURFACE_CURVE('',#296,(#300,#307),.PCURVE_S1.);
#296 = LINE('',#297,#298);
#297 = CARTESIAN_POINT('',(0.,0.,0.));
#298 = VECTOR('',#299,1.);
#299 = DIRECTION('',(1.,0.,-0.));
#300 = PCURVE('',#97,#301);
#301 = DEFINITIONAL_REPRESENTATION('',(#302),#306);
#302 = LINE('',#303,#304);
#303 = CARTESIAN_POINT('',(0.,0.));
#304 = VECTOR('',#305,1.);
#305 = DIRECTION('',(0.,1.));
#306 = ( GEOMETRIC_REPRESENTATION_CONTEXT(2) 
PARAMETRIC_REPRESENTATION_CONTEXT() REPRESENTATION_CONTEXT('2D SPACE',''
  ) );
#307 = PCURVE('',#125,#308);
#308 = DEFINITIONAL_REPRESENTATION('',(#309),#313);
#309 = LINE('',#310,#311);
#310 = CARTESIAN_POINT('',(0.,0.));
#311 = VECTOR('',#312,1.);
#312 = DIRECTION('',(1.,0.));
#313 = ( GEOMETRIC_REPRESENTATION_CONTEXT(2) 
PARAMETRIC_REPRESENTATION_CONTEXT() REPRESENTATION_CONTEXT('2D SPACE',''
  ) );
#314 = ORIENTED_EDGE('',*,*,#74,.T.);
#315 = ORIENTED_EDGE('',*,*,#316,.T.);
#316 = EDGE_CURVE('',#77,#197,#317,.T.);
#317 = SURFACE_CURVE('',#318,(#322,#329),.PCURVE_S1.);
#318 = LINE('',#319,#320);
#319 = CARTESIAN_POINT('',(0.,0.,25.));
#320 = VECTOR('',#321,1.);
#321 = DIRECTION('',(1.,0.,-0.));
#322 = PCURVE('',#97,#323);
#323 = DEFINITIONAL_REPRESENTATION('',(#324),#328);
#324 = LINE('',#325,#326);
#325 = CARTESIAN_POINT('',(25.,0.));
#326 = VECTOR('',#327,1.);
#327 = DIRECTION('',(0.,1.));
#328 = ( GEOMETRIC_REPRESENTATION_CONTEXT(2) 
PARAMETRIC_REPRESENTATION_CONTEXT() REPRESENTATION_CONTEXT('2D SPACE',''
  ) );
#329 = PCURVE('',#179,#330);
#330 = DEFINITIONAL_REPRESENTATION('',(#331),#335);
#331 = LINE('',#332,#333);
#332 = CARTESIAN_POINT('',(0.,0.));
#333 = VECTOR('',#334,1.);
#334 = DIRECTION('',(1.,0.));
#335 = ( GEOMETRIC_REPRESENTATION_CONTEXT(2) 
PARAMETRIC_REPRESENTATION_CONTEXT() REPRESENTATION_CONTEXT('2D SPACE',''
  ) );
#336 = ORIENTED_EDGE('',*,*,#194,.F.);
#337 = ADVANCED_FACE('',(#338),#153,.T.);
#338 = FACE_BOUND('',#339,.T.);
#339 = EDGE_LOOP('',(#340,#361,#362,#383));
#340 = ORIENTED_EDGE('',*,*,#341,.F.);
#341 = EDGE_CURVE('',#110,#225,#342,.T.);
#342 = SURFACE_CURVE('',#343,(#347,#354),.PCURVE_S1.);
#343 = LINE('',#344,#345);
#344 = CARTESIAN_POINT('',(0.,18.5,0.));
#345 = VECTOR('',#346,1.);
#346 = DIRECTION('',(1.,0.,-0.));
#347 = PCURVE('',#153,#348);
#348 = DEFINITIONAL_REPRESENTATION('',(#349),#353);
#349 = LINE('',#350,#351);
#350 = CARTESIAN_POINT('',(0.,0.));
#351 = VECTOR('',#352,1.);
#352 = DIRECTION('',(0.,1.));
#353 = ( GEOMETRIC_REPRESENTATION_CONTEXT(2) 
PARAMETRIC_REPRESENTATION_CONTEXT() REPRESENTATION_CONTEXT('2D SPACE',''
  ) );
#354 = PCURVE('',#125,#355);
#355 = DEFINITIONAL_REPRESENTATION('',(#356),#360);
#356 = LINE('',#357,#358);
#357 = CARTESIAN_POINT('',(0.,18.5));
#358 = VECTOR('',#359,1.);
#359 = DIRECTION('',(1.,0.));
#360 = ( GEOMETRIC_REPRESENTATION_CONTEXT(2) 
PARAMETRIC_REPRESENTATION_CONTEXT() REPRESENTATION_CONTEXT('2D SPACE',''
  ) );
#361 = ORIENTED_EDGE('',*,*,#137,.T.);
#362 = ORIENTED_EDGE('',*,*,#363,.T.);
#363 = EDGE_CURVE('',#138,#248,#364,.T.);
#364 = SURFACE_CURVE('',#365,(#369,#376),.PCURVE_S1.);
#365 = LINE('',#366,#367);
#366 = CARTESIAN_POINT('',(0.,18.5,25.));
#367 = VECTOR('',#368,1.);
#368 = DIRECTION('',(1.,0.,-0.));
#369 = PCURVE('',#153,#370);
#370 = DEFINITIONAL_REPRESENTATION('',(#371),#375);
#371 = LINE('',#372,#373);
#372 = CARTESIAN_POINT('',(25.,0.));
#373 = VECTOR('',#374,1.);
#374 = DIRECTION('',(0.,1.));
#375 = ( GEOMETRIC_REPRESENTATION_CONTEXT(2) 
PARAMETRIC_REPRESENTATION_CONTEXT() REPRESENTATION_CONTEXT('2D SPACE',''
  ) );
#376 = PCURVE('',#179,#377);
#377 = DEFINITIONAL_REPRESENTATION('',(#378),#382);
#378 = LINE('',#379,#380);
#379 = CARTESIAN_POINT('',(0.,18.5));
#380 = VECTOR('',#381,1.);
#381 = DIRECTION('',(1.,0.));
#382 = ( GEOMETRIC_REPRESENTATION_CONTEXT(2) 
PARAMETRIC_REPRESENTATION_CONTEXT() REPRESENTATION_CONTEXT('2D SPACE',''
  ) );
#383 = ORIENTED_EDGE('',*,*,#247,.F.);
#384 = ADVANCED_FACE('',(#385),#125,.F.);
#385 = FACE_BOUND('',#386,.F.);
#386 = EDGE_LOOP('',(#387,#388,#389,#390));
#387 = ORIENTED_EDGE('',*,*,#109,.F.);
#388 = ORIENTED_EDGE('',*,*,#294,.T.);
#389 = ORIENTED_EDGE('',*,*,#224,.T.);
#390 = ORIENTED_EDGE('',*,*,#341,.F.);
#391 = ADVANCED_FACE('',(#392),#179,.T.);
#392 = FACE_BOUND('',#393,.T.);
#393 = EDGE_LOOP('',(#394,#395,#396,#397));
#394 = ORIENTED_EDGE('',*,*,#165,.F.);
#395 = ORIENTED_EDGE('',*,*,#316,.T.);
#396 = ORIENTED_EDGE('',*,*,#270,.T.);
#397 = ORIENTED_EDGE('',*,*,#363,.F.);
#398 = ( GEOMETRIC_REPRESENTATION_CONTEXT(3) 
GLOBAL_UNCERTAINTY_ASSIGNED_CONTEXT((#402)) GLOBAL_UNIT_ASSIGNED_CONTEXT
((#399,#400,#401)) REPRESENTATION_CONTEXT('Context #1',
  '3D Context with UNIT and UNCERTAINTY') );
#399 = ( LENGTH_UNIT() NAMED_UNIT(*) SI_UNIT(.MILLI.,.METRE.) );
#400 = ( NAMED_UNIT(*) PLANE_ANGLE_UNIT() SI_UNIT($,.RADIAN.) );
#401 = ( NAMED_UNIT(*) SI_UNIT($,.STERADIAN.) SOLID_ANGLE_UNIT() );
#402 = UNCERTAINTY_MEASURE_WITH_UNIT(LENGTH_MEASURE(1.E-07),#399,
  'distance_accuracy_value','confusion accuracy');
#403 = CONTEXT_DEPENDENT_SHAPE_REPRESENTATION(#404,#406);
#404 = ( REPRESENTATION_RELATIONSHIP('','',#67,#40) 
REPRESENTATION_RELATIONSHIP_WITH_TRANSFORMATION(#405) 
SHAPE_REPRESENTATION_RELATIONSHIP() );
#405 = ITEM_DEFINED_TRANSFORMATION('','',#11,#41);
#406 = PRODUCT_DEFINITION_SHAPE('Placement','Placement of an item',#407
  );
#407 = NEXT_ASSEMBLY_USAGE_OCCURRENCE('1','=>[0:1:1:3]','',#35,#62,$);
#408 = PRODUCT_RELATED_PRODUCT_CATEGORY('part',$,(#64));
#409 = SHAPE_DEFINITION_REPRESENTATION(#410,#416);
#410 = PRODUCT_DEFINITION_SHAPE('','',#411);
#411 = PRODUCT_DEFINITION('design','',#412,#415);
#412 = PRODUCT_DEFINITION_FORMATION('','',#413);
#413 = PRODUCT('SOLID','SOLID','',(#414));
#414 = PRODUCT_CONTEXT('',#2,'mechanical');
#415 = PRODUCT_DEFINITION_CONTEXT('part definition',#2,'design');
#416 = ADVANCED_BREP_SHAPE_REPRESENTATION('',(#11,#417),#1423);
#417 = MANIFOLD_SOLID_BREP('',#418);
#418 = CLOSED_SHELL('',(#419,#537,#649,#903,#978,#1005,#1012,#1039,#1074
    ,#1104,#1180,#1260,#1309,#1362,#1389,#1396));
#419 = ADVANCED_FACE('',(#420),#434,.F.);
#420 = FACE_BOUND('',#421,.F.);
#421 = EDGE_LOOP('',(#422,#457,#485,#513));
#422 = ORIENTED_EDGE('',*,*,#423,.F.);
#423 = EDGE_CURVE('',#424,#426,#428,.T.);
#424 = VERTEX_POINT('',#425);
#425 = CARTESIAN_POINT('',(-5.,-47.1,17.5));
#426 = VERTEX_POINT('',#427);
#427 = CARTESIAN_POINT('',(-5.,-39.78705819735,17.5));
#428 = SURFACE_CURVE('',#429,(#433,#445),.PCURVE_S1.);
#429 = LINE('',#430,#431);
#430 = CARTESIAN_POINT('',(-5.,-47.1,17.5));
#431 = VECTOR('',#432,1.);
#432 = DIRECTION('',(0.,1.,0.));
#433 = PCURVE('',#434,#439);
#434 = PLANE('',#435);
#435 = AXIS2_PLACEMENT_3D('',#436,#437,#438);
#436 = CARTESIAN_POINT('',(-5.,-47.1,7.5));
#437 = DIRECTION('',(1.,0.,0.));
#438 = DIRECTION('',(0.,0.,1.));
#439 = DEFINITIONAL_REPRESENTATION('',(#440),#444);
#440 = LINE('',#441,#442);
#441 = CARTESIAN_POINT('',(10.,0.));
#442 = VECTOR('',#443,1.);
#443 = DIRECTION('',(0.,-1.));
#444 = ( GEOMETRIC_REPRESENTATION_CONTEXT(2) 
PARAMETRIC_REPRESENTATION_CONTEXT() REPRESENTATION_CONTEXT('2D SPACE',''
  ) );
#445 = PCURVE('',#446,#451);
#446 = PLANE('',#447);
#447 = AXIS2_PLACEMENT_3D('',#448,#449,#450);
#448 = CARTESIAN_POINT('',(-5.,-47.1,17.5));
#449 = DIRECTION('',(0.,0.,1.));
#450 = DIRECTION('',(1.,0.,0.));
#451 = DEFINITIONAL_REPRESENTATION('',(#452),#456);
#452 = LINE('',#453,#454);
#453 = CARTESIAN_POINT('',(0.,0.));
#454 = VECTOR('',#455,1.);
#455 = DIRECTION('',(0.,1.));
#456 = ( GEOMETRIC_REPRESENTATION_CONTEXT(2) 
PARAMETRIC_REPRESENTATION_CONTEXT() REPRESENTATION_CONTEXT('2D SPACE',''
  ) );
#457 = ORIENTED_EDGE('',*,*,#458,.F.);
#458 = EDGE_CURVE('',#459,#424,#461,.T.);
#459 = VERTEX_POINT('',#460);
#460 = CARTESIAN_POINT('',(-5.,-47.1,7.5));
#461 = SURFACE_CURVE('',#462,(#466,#473),.PCURVE_S1.);
#462 = LINE('',#463,#464);
#463 = CARTESIAN_POINT('',(-5.,-47.1,7.5));
#464 = VECTOR('',#465,1.);
#465 = DIRECTION('',(0.,0.,1.));
#466 = PCURVE('',#434,#467);
#467 = DEFINITIONAL_REPRESENTATION('',(#468),#472);
#468 = LINE('',#469,#470);
#469 = CARTESIAN_POINT('',(0.,0.));
#470 = VECTOR('',#471,1.);
#471 = DIRECTION('',(1.,0.));
#472 = ( GEOMETRIC_REPRESENTATION_CONTEXT(2) 
PARAMETRIC_REPRESENTATION_CONTEXT() REPRESENTATION_CONTEXT('2D SPACE',''
  ) );
#473 = PCURVE('',#474,#479);
#474 = PLANE('',#475);
#475 = AXIS2_PLACEMENT_3D('',#476,#477,#478);
#476 = CARTESIAN_POINT('',(-5.,-47.1,7.5));
#477 = DIRECTION('',(0.,1.,0.));
#478 = DIRECTION('',(0.,0.,1.));
#479 = DEFINITIONAL_REPRESENTATION('',(#480),#484);
#480 = LINE('',#481,#482);
#481 = CARTESIAN_POINT('',(0.,0.));
#482 = VECTOR('',#483,1.);
#483 = DIRECTION('',(1.,0.));
#484 = ( GEOMETRIC_REPRESENTATION_CONTEXT(2) 
PARAMETRIC_REPRESENTATION_CONTEXT() REPRESENTATION_CONTEXT('2D SPACE',''
  ) );
#485 = ORIENTED_EDGE('',*,*,#486,.T.);
#486 = EDGE_CURVE('',#459,#487,#489,.T.);
#487 = VERTEX_POINT('',#488);
#488 = CARTESIAN_POINT('',(-5.,-39.78705819735,7.5));
#489 = SURFACE_CURVE('',#490,(#494,#501),.PCURVE_S1.);
#490 = LINE('',#491,#492);
#491 = CARTESIAN_POINT('',(-5.,-47.1,7.5));
#492 = VECTOR('',#493,1.);
#493 = DIRECTION('',(0.,1.,0.));
#494 = PCURVE('',#434,#495);
#495 = DEFINITIONAL_REPRESENTATION('',(#496),#500);
#496 = LINE('',#497,#498);
#497 = CARTESIAN_POINT('',(0.,0.));
#498 = VECTOR('',#499,1.);
#499 = DIRECTION('',(0.,-1.));
#500 = ( GEOMETRIC_REPRESENTATION_CONTEXT(2) 
PARAMETRIC_REPRESENTATION_CONTEXT() REPRESENTATION_CONTEXT('2D SPACE',''
  ) );
#501 = PCURVE('',#502,#507);
#502 = PLANE('',#503);
#503 = AXIS2_PLACEMENT_3D('',#504,#505,#506);
#504 = CARTESIAN_POINT('',(-5.,-47.1,7.5));
#505 = DIRECTION('',(0.,0.,1.));
#506 = DIRECTION('',(1.,0.,0.));
#507 = DEFINITIONAL_REPRESENTATION('',(#508),#512);
#508 = LINE('',#509,#510);
#509 = CARTESIAN_POINT('',(0.,0.));
#510 = VECTOR('',#511,1.);
#511 = DIRECTION('',(0.,1.));
#512 = ( GEOMETRIC_REPRESENTATION_CONTEXT(2) 
PARAMETRIC_REPRESENTATION_CONTEXT() REPRESENTATION_CONTEXT('2D SPACE',''
  ) );
#513 = ORIENTED_EDGE('',*,*,#514,.F.);
#514 = EDGE_CURVE('',#426,#487,#515,.T.);
#515 = SURFACE_CURVE('',#516,(#520,#526),.PCURVE_S1.);
#516 = LINE('',#517,#518);
#517 = CARTESIAN_POINT('',(-5.,-39.78705819735,0.));
#518 = VECTOR('',#519,1.);
#519 = DIRECTION('',(-0.,-0.,-1.));
#520 = PCURVE('',#434,#521);
#521 = DEFINITIONAL_REPRESENTATION('',(#522),#525);
#522 = B_SPLINE_CURVE_WITH_KNOTS('',1,(#523,#524),.UNSPECIFIED.,.F.,.F.,
  (2,2),(-18.5,-6.5),.PIECEWISE_BEZIER_KNOTS.);
#523 = CARTESIAN_POINT('',(11.,-7.312941802641));
#524 = CARTESIAN_POINT('',(-1.,-7.312941802641));
#525 = ( GEOMETRIC_REPRESENTATION_CONTEXT(2) 
PARAMETRIC_REPRESENTATION_CONTEXT() REPRESENTATION_CONTEXT('2D SPACE',''
  ) );
#526 = PCURVE('',#527,#532);
#527 = CYLINDRICAL_SURFACE('',#528,40.1);
#528 = AXIS2_PLACEMENT_3D('',#529,#530,#531);
#529 = CARTESIAN_POINT('',(0.,0.,0.));
#530 = DIRECTION('',(-0.,-0.,-1.));
#531 = DIRECTION('',(1.,0.,0.));
#532 = DEFINITIONAL_REPRESENTATION('',(#533),#536);
#533 = B_SPLINE_CURVE_WITH_KNOTS('',1,(#534,#535),.UNSPECIFIED.,.F.,.F.,
  (2,2),(-18.5,-6.5),.PIECEWISE_BEZIER_KNOTS.);
#534 = CARTESIAN_POINT('',(-4.587375327936,-18.5));
#535 = CARTESIAN_POINT('',(-4.587375327936,-6.5));
#536 = ( GEOMETRIC_REPRESENTATION_CONTEXT(2) 
PARAMETRIC_REPRESENTATION_CONTEXT() REPRESENTATION_CONTEXT('2D SPACE',''
  ) );
#537 = ADVANCED_FACE('',(#538,#618),#446,.T.);
#538 = FACE_BOUND('',#539,.T.);
#539 = EDGE_LOOP('',(#540,#541,#564,#592));
#540 = ORIENTED_EDGE('',*,*,#423,.F.);
#541 = ORIENTED_EDGE('',*,*,#542,.T.);
#542 = EDGE_CURVE('',#424,#543,#545,.T.);
#543 = VERTEX_POINT('',#544);
#544 = CARTESIAN_POINT('',(5.,-47.1,17.5));
#545 = SURFACE_CURVE('',#546,(#550,#557),.PCURVE_S1.);
#546 = LINE('',#547,#548);
#547 = CARTESIAN_POINT('',(-5.,-47.1,17.5));
#548 = VECTOR('',#549,1.);
#549 = DIRECTION('',(1.,0.,0.));
#550 = PCURVE('',#446,#551);
#551 = DEFINITIONAL_REPRESENTATION('',(#552),#556);
#552 = LINE('',#553,#554);
#553 = CARTESIAN_POINT('',(0.,0.));
#554 = VECTOR('',#555,1.);
#555 = DIRECTION('',(1.,0.));
#556 = ( GEOMETRIC_REPRESENTATION_CONTEXT(2) 
PARAMETRIC_REPRESENTATION_CONTEXT() REPRESENTATION_CONTEXT('2D SPACE',''
  ) );
#557 = PCURVE('',#474,#558);
#558 = DEFINITIONAL_REPRESENTATION('',(#559),#563);
#559 = LINE('',#560,#561);
#560 = CARTESIAN_POINT('',(10.,0.));
#561 = VECTOR('',#562,1.);
#562 = DIRECTION('',(0.,1.));
#563 = ( GEOMETRIC_REPRESENTATION_CONTEXT(2) 
PARAMETRIC_REPRESENTATION_CONTEXT() REPRESENTATION_CONTEXT('2D SPACE',''
  ) );
#564 = ORIENTED_EDGE('',*,*,#565,.T.);
#565 = EDGE_CURVE('',#543,#566,#568,.T.);
#566 = VERTEX_POINT('',#567);
#567 = CARTESIAN_POINT('',(5.,-39.78705819735,17.5));
#568 = SURFACE_CURVE('',#569,(#573,#580),.PCURVE_S1.);
#569 = LINE('',#570,#571);
#570 = CARTESIAN_POINT('',(5.,-47.1,17.5));
#571 = VECTOR('',#572,1.);
#572 = DIRECTION('',(0.,1.,0.));
#573 = PCURVE('',#446,#574);
#574 = DEFINITIONAL_REPRESENTATION('',(#575),#579);
#575 = LINE('',#576,#577);
#576 = CARTESIAN_POINT('',(10.,0.));
#577 = VECTOR('',#578,1.);
#578 = DIRECTION('',(0.,1.));
#579 = ( GEOMETRIC_REPRESENTATION_CONTEXT(2) 
PARAMETRIC_REPRESENTATION_CONTEXT() REPRESENTATION_CONTEXT('2D SPACE',''
  ) );
#580 = PCURVE('',#581,#586);
#581 = PLANE('',#582);
#582 = AXIS2_PLACEMENT_3D('',#583,#584,#585);
#583 = CARTESIAN_POINT('',(5.,-47.1,7.5));
#584 = DIRECTION('',(1.,0.,0.));
#585 = DIRECTION('',(0.,0.,1.));
#586 = DEFINITIONAL_REPRESENTATION('',(#587),#591);
#587 = LINE('',#588,#589);
#588 = CARTESIAN_POINT('',(10.,0.));
#589 = VECTOR('',#590,1.);
#590 = DIRECTION('',(0.,-1.));
#591 = ( GEOMETRIC_REPRESENTATION_CONTEXT(2) 
PARAMETRIC_REPRESENTATION_CONTEXT() REPRESENTATION_CONTEXT('2D SPACE',''
  ) );
#592 = ORIENTED_EDGE('',*,*,#593,.T.);
#593 = EDGE_CURVE('',#566,#426,#594,.T.);
#594 = SURFACE_CURVE('',#595,(#600,#611),.PCURVE_S1.);
#595 = CIRCLE('',#596,40.1);
#596 = AXIS2_PLACEMENT_3D('',#597,#598,#599);
#597 = CARTESIAN_POINT('',(0.,0.,17.5));
#598 = DIRECTION('',(0.,0.,-1.));
#599 = DIRECTION('',(1.,0.,0.));
#600 = PCURVE('',#446,#601);
#601 = DEFINITIONAL_REPRESENTATION('',(#602),#610);
#602 = ( BOUNDED_CURVE() B_SPLINE_CURVE(2,(#603,#604,#605,#606,#607,#608
,#609),.UNSPECIFIED.,.T.,.F.) B_SPLINE_CURVE_WITH_KNOTS((1,2,2,2,2,1),(
    -2.094395102393,0.,2.094395102393,4.188790204786,6.28318530718,
8.377580409573),.UNSPECIFIED.) CURVE() GEOMETRIC_REPRESENTATION_ITEM() 
RATIONAL_B_SPLINE_CURVE((1.,0.5,1.,0.5,1.,0.5,1.)) REPRESENTATION_ITEM(
  '') );
#603 = CARTESIAN_POINT('',(45.1,47.1));
#604 = CARTESIAN_POINT('',(45.1,-22.35523738351));
#605 = CARTESIAN_POINT('',(-15.05,12.372381308244));
#606 = CARTESIAN_POINT('',(-75.2,47.1));
#607 = CARTESIAN_POINT('',(-15.05,81.827618691756));
#608 = CARTESIAN_POINT('',(45.1,116.55523738351));
#609 = CARTESIAN_POINT('',(45.1,47.1));
#610 = ( GEOMETRIC_REPRESENTATION_CONTEXT(2) 
PARAMETRIC_REPRESENTATION_CONTEXT() REPRESENTATION_CONTEXT('2D SPACE',''
  ) );
#611 = PCURVE('',#527,#612);
#612 = DEFINITIONAL_REPRESENTATION('',(#613),#617);
#613 = LINE('',#614,#615);
#614 = CARTESIAN_POINT('',(-6.28318530718,-17.5));
#615 = VECTOR('',#616,1.);
#616 = DIRECTION('',(1.,-0.));
#617 = ( GEOMETRIC_REPRESENTATION_CONTEXT(2) 
PARAMETRIC_REPRESENTATION_CONTEXT() REPRESENTATION_CONTEXT('2D SPACE',''
  ) );
#618 = FACE_BOUND('',#619,.T.);
#619 = EDGE_LOOP('',(#620));
#620 = ORIENTED_EDGE('',*,*,#621,.F.);
#621 = EDGE_CURVE('',#622,#622,#624,.T.);
#622 = VERTEX_POINT('',#623);
#623 = CARTESIAN_POINT('',(1.6,-45.1,17.5));
#624 = SURFACE_CURVE('',#625,(#630,#637),.PCURVE_S1.);
#625 = CIRCLE('',#626,1.6);
#626 = AXIS2_PLACEMENT_3D('',#627,#628,#629);
#627 = CARTESIAN_POINT('',(0.,-45.1,17.5));
#628 = DIRECTION('',(0.,0.,1.));
#629 = DIRECTION('',(1.,0.,-0.));
#630 = PCURVE('',#446,#631);
#631 = DEFINITIONAL_REPRESENTATION('',(#632),#636);
#632 = CIRCLE('',#633,1.6);
#633 = AXIS2_PLACEMENT_2D('',#634,#635);
#634 = CARTESIAN_POINT('',(5.,2.));
#635 = DIRECTION('',(1.,0.));
#636 = ( GEOMETRIC_REPRESENTATION_CONTEXT(2) 
PARAMETRIC_REPRESENTATION_CONTEXT() REPRESENTATION_CONTEXT('2D SPACE',''
  ) );
#637 = PCURVE('',#638,#643);
#638 = CYLINDRICAL_SURFACE('',#639,1.6);
#639 = AXIS2_PLACEMENT_3D('',#640,#641,#642);
#640 = CARTESIAN_POINT('',(0.,-45.1,-2.5));
#641 = DIRECTION('',(0.,0.,1.));
#642 = DIRECTION('',(1.,0.,0.));
#643 = DEFINITIONAL_REPRESENTATION('',(#644),#648);
#644 = LINE('',#645,#646);
#645 = CARTESIAN_POINT('',(0.,20.));
#646 = VECTOR('',#647,1.);
#647 = DIRECTION('',(1.,0.));
#648 = ( GEOMETRIC_REPRESENTATION_CONTEXT(2) 
PARAMETRIC_REPRESENTATION_CONTEXT() REPRESENTATION_CONTEXT('2D SPACE',''
  ) );
#649 = ADVANCED_FACE('',(#650,#732,#852),#527,.T.);
#650 = FACE_BOUND('',#651,.F.);
#651 = EDGE_LOOP('',(#652,#681,#704,#731));
#652 = ORIENTED_EDGE('',*,*,#653,.F.);
#653 = EDGE_CURVE('',#654,#654,#656,.T.);
#654 = VERTEX_POINT('',#655);
#655 = CARTESIAN_POINT('',(40.1,0.,0.));
#656 = SURFACE_CURVE('',#657,(#662,#669),.PCURVE_S1.);
#657 = CIRCLE('',#658,40.1);
#658 = AXIS2_PLACEMENT_3D('',#659,#660,#661);
#659 = CARTESIAN_POINT('',(0.,0.,0.));
#660 = DIRECTION('',(0.,0.,1.));
#661 = DIRECTION('',(1.,0.,0.));
#662 = PCURVE('',#527,#663);
#663 = DEFINITIONAL_REPRESENTATION('',(#664),#668);
#664 = LINE('',#665,#666);
#665 = CARTESIAN_POINT('',(-0.,0.));
#666 = VECTOR('',#667,1.);
#667 = DIRECTION('',(-1.,0.));
#668 = ( GEOMETRIC_REPRESENTATION_CONTEXT(2) 
PARAMETRIC_REPRESENTATION_CONTEXT() REPRESENTATION_CONTEXT('2D SPACE',''
  ) );
#669 = PCURVE('',#670,#675);
#670 = PLANE('',#671);
#671 = AXIS2_PLACEMENT_3D('',#672,#673,#674);
#672 = CARTESIAN_POINT('',(-3.27367213775E-15,5.455035369732E-16,0.));
#673 = DIRECTION('',(0.,0.,1.));
#674 = DIRECTION('',(1.,0.,0.));
#675 = DEFINITIONAL_REPRESENTATION('',(#676),#680);
#676 = CIRCLE('',#677,40.1);
#677 = AXIS2_PLACEMENT_2D('',#678,#679);
#678 = CARTESIAN_POINT('',(3.27367213775E-15,-5.455035369732E-16));
#679 = DIRECTION('',(1.,0.));
#680 = ( GEOMETRIC_REPRESENTATION_CONTEXT(2) 
PARAMETRIC_REPRESENTATION_CONTEXT() REPRESENTATION_CONTEXT('2D SPACE',''
  ) );
#681 = ORIENTED_EDGE('',*,*,#682,.T.);
#682 = EDGE_CURVE('',#654,#683,#685,.T.);
#683 = VERTEX_POINT('',#684);
#684 = CARTESIAN_POINT('',(40.1,0.,25.));
#685 = SEAM_CURVE('',#686,(#690,#697),.PCURVE_S1.);
#686 = LINE('',#687,#688);
#687 = CARTESIAN_POINT('',(40.1,0.,0.));
#688 = VECTOR('',#689,1.);
#689 = DIRECTION('',(0.,0.,1.));
#690 = PCURVE('',#527,#691);
#691 = DEFINITIONAL_REPRESENTATION('',(#692),#696);
#692 = LINE('',#693,#694);
#693 = CARTESIAN_POINT('',(-6.28318530718,0.));
#694 = VECTOR('',#695,1.);
#695 = DIRECTION('',(-0.,-1.));
#696 = ( GEOMETRIC_REPRESENTATION_CONTEXT(2) 
PARAMETRIC_REPRESENTATION_CONTEXT() REPRESENTATION_CONTEXT('2D SPACE',''
  ) );
#697 = PCURVE('',#527,#698);
#698 = DEFINITIONAL_REPRESENTATION('',(#699),#703);
#699 = LINE('',#700,#701);
#700 = CARTESIAN_POINT('',(-0.,0.));
#701 = VECTOR('',#702,1.);
#702 = DIRECTION('',(-0.,-1.));
#703 = ( GEOMETRIC_REPRESENTATION_CONTEXT(2) 
PARAMETRIC_REPRESENTATION_CONTEXT() REPRESENTATION_CONTEXT('2D SPACE',''
  ) );
#704 = ORIENTED_EDGE('',*,*,#705,.T.);
#705 = EDGE_CURVE('',#683,#683,#706,.T.);
#706 = SURFACE_CURVE('',#707,(#712,#719),.PCURVE_S1.);
#707 = CIRCLE('',#708,40.1);
#708 = AXIS2_PLACEMENT_3D('',#709,#710,#711);
#709 = CARTESIAN_POINT('',(0.,0.,25.));
#710 = DIRECTION('',(0.,0.,1.));
#711 = DIRECTION('',(1.,0.,0.));
#712 = PCURVE('',#527,#713);
#713 = DEFINITIONAL_REPRESENTATION('',(#714),#718);
#714 = LINE('',#715,#716);
#715 = CARTESIAN_POINT('',(-0.,-25.));
#716 = VECTOR('',#717,1.);
#717 = DIRECTION('',(-1.,0.));
#718 = ( GEOMETRIC_REPRESENTATION_CONTEXT(2) 
PARAMETRIC_REPRESENTATION_CONTEXT() REPRESENTATION_CONTEXT('2D SPACE',''
  ) );
#719 = PCURVE('',#720,#725);
#720 = PLANE('',#721);
#721 = AXIS2_PLACEMENT_3D('',#722,#723,#724);
#722 = CARTESIAN_POINT('',(-3.27367213775E-15,5.455035369732E-16,25.));
#723 = DIRECTION('',(0.,0.,1.));
#724 = DIRECTION('',(1.,0.,0.));
#725 = DEFINITIONAL_REPRESENTATION('',(#726),#730);
#726 = CIRCLE('',#727,40.1);
#727 = AXIS2_PLACEMENT_2D('',#728,#729);
#728 = CARTESIAN_POINT('',(3.27367213775E-15,-5.455035369732E-16));
#729 = DIRECTION('',(1.,0.));
#730 = ( GEOMETRIC_REPRESENTATION_CONTEXT(2) 
PARAMETRIC_REPRESENTATION_CONTEXT() REPRESENTATION_CONTEXT('2D SPACE',''
  ) );
#731 = ORIENTED_EDGE('',*,*,#682,.F.);
#732 = FACE_BOUND('',#733,.F.);
#733 = EDGE_LOOP('',(#734,#762,#795,#821));
#734 = ORIENTED_EDGE('',*,*,#735,.F.);
#735 = EDGE_CURVE('',#736,#738,#740,.T.);
#736 = VERTEX_POINT('',#737);
#737 = CARTESIAN_POINT('',(-5.,39.787058197359,17.5));
#738 = VERTEX_POINT('',#739);
#739 = CARTESIAN_POINT('',(-5.,39.787058197359,7.5));
#740 = SURFACE_CURVE('',#741,(#745,#751),.PCURVE_S1.);
#741 = LINE('',#742,#743);
#742 = CARTESIAN_POINT('',(-5.,39.787058197359,0.));
#743 = VECTOR('',#744,1.);
#744 = DIRECTION('',(-0.,-0.,-1.));
#745 = PCURVE('',#527,#746);
#746 = DEFINITIONAL_REPRESENTATION('',(#747),#750);
#747 = B_SPLINE_CURVE_WITH_KNOTS('',1,(#748,#749),.UNSPECIFIED.,.F.,.F.,
  (2,2),(-18.5,-6.5),.PIECEWISE_BEZIER_KNOTS.);
#748 = CARTESIAN_POINT('',(-1.695809979244,-18.5));
#749 = CARTESIAN_POINT('',(-1.695809979244,-6.5));
#750 = ( GEOMETRIC_REPRESENTATION_CONTEXT(2) 
PARAMETRIC_REPRESENTATION_CONTEXT() REPRESENTATION_CONTEXT('2D SPACE',''
  ) );
#751 = PCURVE('',#752,#757);
#752 = PLANE('',#753);
#753 = AXIS2_PLACEMENT_3D('',#754,#755,#756);
#754 = CARTESIAN_POINT('',(-5.,39.1,7.5));
#755 = DIRECTION('',(1.,0.,0.));
#756 = DIRECTION('',(0.,0.,1.));
#757 = DEFINITIONAL_REPRESENTATION('',(#758),#761);
#758 = B_SPLINE_CURVE_WITH_KNOTS('',1,(#759,#760),.UNSPECIFIED.,.F.,.F.,
  (2,2),(-18.5,-6.5),.PIECEWISE_BEZIER_KNOTS.);
#759 = CARTESIAN_POINT('',(11.,-0.687058197359));
#760 = CARTESIAN_POINT('',(-1.,-0.687058197359));
#761 = ( GEOMETRIC_REPRESENTATION_CONTEXT(2) 
PARAMETRIC_REPRESENTATION_CONTEXT() REPRESENTATION_CONTEXT('2D SPACE',''
  ) );
#762 = ORIENTED_EDGE('',*,*,#763,.T.);
#763 = EDGE_CURVE('',#736,#764,#766,.T.);
#764 = VERTEX_POINT('',#765);
#765 = CARTESIAN_POINT('',(5.,39.787058197359,17.5));
#766 = SURFACE_CURVE('',#767,(#772,#779),.PCURVE_S1.);
#767 = CIRCLE('',#768,40.1);
#768 = AXIS2_PLACEMENT_3D('',#769,#770,#771);
#769 = CARTESIAN_POINT('',(0.,0.,17.5));
#770 = DIRECTION('',(0.,0.,-1.));
#771 = DIRECTION('',(1.,0.,0.));
#772 = PCURVE('',#527,#773);
#773 = DEFINITIONAL_REPRESENTATION('',(#774),#778);
#774 = LINE('',#775,#776);
#775 = CARTESIAN_POINT('',(-6.28318530718,-17.5));
#776 = VECTOR('',#777,1.);
#777 = DIRECTION('',(1.,-0.));
#778 = ( GEOMETRIC_REPRESENTATION_CONTEXT(2) 
PARAMETRIC_REPRESENTATION_CONTEXT() REPRESENTATION_CONTEXT('2D SPACE',''
  ) );
#779 = PCURVE('',#780,#785);
#780 = PLANE('',#781);
#781 = AXIS2_PLACEMENT_3D('',#782,#783,#784);
#782 = CARTESIAN_POINT('',(-5.,39.1,17.5));
#783 = DIRECTION('',(0.,0.,1.));
#784 = DIRECTION('',(1.,0.,0.));
#785 = DEFINITIONAL_REPRESENTATION('',(#786),#794);
#786 = ( BOUNDED_CURVE() B_SPLINE_CURVE(2,(#787,#788,#789,#790,#791,#792
,#793),.UNSPECIFIED.,.T.,.F.) B_SPLINE_CURVE_WITH_KNOTS((1,2,2,2,2,1),(
    -2.094395102393,0.,2.094395102393,4.188790204786,6.28318530718,
8.377580409573),.UNSPECIFIED.) CURVE() GEOMETRIC_REPRESENTATION_ITEM() 
RATIONAL_B_SPLINE_CURVE((1.,0.5,1.,0.5,1.,0.5,1.)) REPRESENTATION_ITEM(
  '') );
#787 = CARTESIAN_POINT('',(45.1,-39.1));
#788 = CARTESIAN_POINT('',(45.1,-108.5552373835));
#789 = CARTESIAN_POINT('',(-15.05,-73.82761869175));
#790 = CARTESIAN_POINT('',(-75.2,-39.1));
#791 = CARTESIAN_POINT('',(-15.05,-4.372381308244));
#792 = CARTESIAN_POINT('',(45.1,30.355237383512));
#793 = CARTESIAN_POINT('',(45.1,-39.1));
#794 = ( GEOMETRIC_REPRESENTATION_CONTEXT(2) 
PARAMETRIC_REPRESENTATION_CONTEXT() REPRESENTATION_CONTEXT('2D SPACE',''
  ) );
#795 = ORIENTED_EDGE('',*,*,#796,.T.);
#796 = EDGE_CURVE('',#764,#797,#799,.T.);
#797 = VERTEX_POINT('',#798);
#798 = CARTESIAN_POINT('',(5.,39.787058197359,7.5));
#799 = SURFACE_CURVE('',#800,(#804,#810),.PCURVE_S1.);
#800 = LINE('',#801,#802);
#801 = CARTESIAN_POINT('',(5.,39.787058197359,0.));
#802 = VECTOR('',#803,1.);
#803 = DIRECTION('',(-0.,-0.,-1.));
#804 = PCURVE('',#527,#805);
#805 = DEFINITIONAL_REPRESENTATION('',(#806),#809);
#806 = B_SPLINE_CURVE_WITH_KNOTS('',1,(#807,#808),.UNSPECIFIED.,.F.,.F.,
  (2,2),(-18.5,-6.5),.PIECEWISE_BEZIER_KNOTS.);
#807 = CARTESIAN_POINT('',(-1.445782674346,-18.5));
#808 = CARTESIAN_POINT('',(-1.445782674346,-6.5));
#809 = ( GEOMETRIC_REPRESENTATION_CONTEXT(2) 
PARAMETRIC_REPRESENTATION_CONTEXT() REPRESENTATION_CONTEXT('2D SPACE',''
  ) );
#810 = PCURVE('',#811,#816);
#811 = PLANE('',#812);
#812 = AXIS2_PLACEMENT_3D('',#813,#814,#815);
#813 = CARTESIAN_POINT('',(5.,39.1,7.5));
#814 = DIRECTION('',(1.,0.,0.));
#815 = DIRECTION('',(0.,0.,1.));
#816 = DEFINITIONAL_REPRESENTATION('',(#817),#820);
#817 = B_SPLINE_CURVE_WITH_KNOTS('',1,(#818,#819),.UNSPECIFIED.,.F.,.F.,
  (2,2),(-18.5,-6.5),.PIECEWISE_BEZIER_KNOTS.);
#818 = CARTESIAN_POINT('',(11.,-0.687058197359));
#819 = CARTESIAN_POINT('',(-1.,-0.687058197359));
#820 = ( GEOMETRIC_REPRESENTATION_CONTEXT(2) 
PARAMETRIC_REPRESENTATION_CONTEXT() REPRESENTATION_CONTEXT('2D SPACE',''
  ) );
#821 = ORIENTED_EDGE('',*,*,#822,.F.);
#822 = EDGE_CURVE('',#738,#797,#823,.T.);
#823 = SURFACE_CURVE('',#824,(#829,#836),.PCURVE_S1.);
#824 = CIRCLE('',#825,40.1);
#825 = AXIS2_PLACEMENT_3D('',#826,#827,#828);
#826 = CARTESIAN_POINT('',(0.,0.,7.5));
#827 = DIRECTION('',(0.,0.,-1.));
#828 = DIRECTION('',(1.,0.,0.));
#829 = PCURVE('',#527,#830);
#830 = DEFINITIONAL_REPRESENTATION('',(#831),#835);
#831 = LINE('',#832,#833);
#832 = CARTESIAN_POINT('',(-6.28318530718,-7.5));
#833 = VECTOR('',#834,1.);
#834 = DIRECTION('',(1.,-0.));
#835 = ( GEOMETRIC_REPRESENTATION_CONTEXT(2) 
PARAMETRIC_REPRESENTATION_CONTEXT() REPRESENTATION_CONTEXT('2D SPACE',''
  ) );
#836 = PCURVE('',#837,#842);
#837 = PLANE('',#838);
#838 = AXIS2_PLACEMENT_3D('',#839,#840,#841);
#839 = CARTESIAN_POINT('',(-5.,39.1,7.5));
#840 = DIRECTION('',(0.,0.,1.));
#841 = DIRECTION('',(1.,0.,0.));
#842 = DEFINITIONAL_REPRESENTATION('',(#843),#851);
#843 = ( BOUNDED_CURVE() B_SPLINE_CURVE(2,(#844,#845,#846,#847,#848,#849
,#850),.UNSPECIFIED.,.T.,.F.) B_SPLINE_CURVE_WITH_KNOTS((1,2,2,2,2,1),(
    -2.094395102393,0.,2.094395102393,4.188790204786,6.28318530718,
8.377580409573),.UNSPECIFIED.) CURVE() GEOMETRIC_REPRESENTATION_ITEM() 
RATIONAL_B_SPLINE_CURVE((1.,0.5,1.,0.5,1.,0.5,1.)) REPRESENTATION_ITEM(
  '') );
#844 = CARTESIAN_POINT('',(45.1,-39.1));
#845 = CARTESIAN_POINT('',(45.1,-108.5552373835));
#846 = CARTESIAN_POINT('',(-15.05,-73.82761869175));
#847 = CARTESIAN_POINT('',(-75.2,-39.1));
#848 = CARTESIAN_POINT('',(-15.05,-4.372381308244));
#849 = CARTESIAN_POINT('',(45.1,30.355237383512));
#850 = CARTESIAN_POINT('',(45.1,-39.1));
#851 = ( GEOMETRIC_REPRESENTATION_CONTEXT(2) 
PARAMETRIC_REPRESENTATION_CONTEXT() REPRESENTATION_CONTEXT('2D SPACE',''
  ) );
#852 = FACE_BOUND('',#853,.F.);
#853 = EDGE_LOOP('',(#854,#855,#856,#884));
#854 = ORIENTED_EDGE('',*,*,#593,.T.);
#855 = ORIENTED_EDGE('',*,*,#514,.T.);
#856 = ORIENTED_EDGE('',*,*,#857,.F.);
#857 = EDGE_CURVE('',#858,#487,#860,.T.);
#858 = VERTEX_POINT('',#859);
#859 = CARTESIAN_POINT('',(5.,-39.78705819735,7.5));
#860 = SURFACE_CURVE('',#861,(#866,#873),.PCURVE_S1.);
#861 = CIRCLE('',#862,40.1);
#862 = AXIS2_PLACEMENT_3D('',#863,#864,#865);
#863 = CARTESIAN_POINT('',(0.,0.,7.5));
#864 = DIRECTION('',(0.,0.,-1.));
#865 = DIRECTION('',(1.,0.,0.));
#866 = PCURVE('',#527,#867);
#867 = DEFINITIONAL_REPRESENTATION('',(#868),#872);
#868 = LINE('',#869,#870);
#869 = CARTESIAN_POINT('',(-6.28318530718,-7.5));
#870 = VECTOR('',#871,1.);
#871 = DIRECTION('',(1.,-0.));
#872 = ( GEOMETRIC_REPRESENTATION_CONTEXT(2) 
PARAMETRIC_REPRESENTATION_CONTEXT() REPRESENTATION_CONTEXT('2D SPACE',''
  ) );
#873 = PCURVE('',#502,#874);
#874 = DEFINITIONAL_REPRESENTATION('',(#875),#883);
#875 = ( BOUNDED_CURVE() B_SPLINE_CURVE(2,(#876,#877,#878,#879,#880,#881
,#882),.UNSPECIFIED.,.T.,.F.) B_SPLINE_CURVE_WITH_KNOTS((1,2,2,2,2,1),(
    -2.094395102393,0.,2.094395102393,4.188790204786,6.28318530718,
8.377580409573),.UNSPECIFIED.) CURVE() GEOMETRIC_REPRESENTATION_ITEM() 
RATIONAL_B_SPLINE_CURVE((1.,0.5,1.,0.5,1.,0.5,1.)) REPRESENTATION_ITEM(
  '') );
#876 = CARTESIAN_POINT('',(45.1,47.1));
#877 = CARTESIAN_POINT('',(45.1,-22.35523738351));
#878 = CARTESIAN_POINT('',(-15.05,12.372381308244));
#879 = CARTESIAN_POINT('',(-75.2,47.1));
#880 = CARTESIAN_POINT('',(-15.05,81.827618691756));
#881 = CARTESIAN_POINT('',(45.1,116.55523738351));
#882 = CARTESIAN_POINT('',(45.1,47.1));
#883 = ( GEOMETRIC_REPRESENTATION_CONTEXT(2) 
PARAMETRIC_REPRESENTATION_CONTEXT() REPRESENTATION_CONTEXT('2D SPACE',''
  ) );
#884 = ORIENTED_EDGE('',*,*,#885,.F.);
#885 = EDGE_CURVE('',#566,#858,#886,.T.);
#886 = SURFACE_CURVE('',#887,(#891,#897),.PCURVE_S1.);
#887 = LINE('',#888,#889);
#888 = CARTESIAN_POINT('',(5.,-39.78705819735,0.));
#889 = VECTOR('',#890,1.);
#890 = DIRECTION('',(-0.,-0.,-1.));
#891 = PCURVE('',#527,#892);
#892 = DEFINITIONAL_REPRESENTATION('',(#893),#896);
#893 = B_SPLINE_CURVE_WITH_KNOTS('',1,(#894,#895),.UNSPECIFIED.,.F.,.F.,
  (2,2),(-18.5,-6.5),.PIECEWISE_BEZIER_KNOTS.);
#894 = CARTESIAN_POINT('',(-4.837402632834,-18.5));
#895 = CARTESIAN_POINT('',(-4.837402632834,-6.5));
#896 = ( GEOMETRIC_REPRESENTATION_CONTEXT(2) 
PARAMETRIC_REPRESENTATION_CONTEXT() REPRESENTATION_CONTEXT('2D SPACE',''
  ) );
#897 = PCURVE('',#581,#898);
#898 = DEFINITIONAL_REPRESENTATION('',(#899),#902);
#899 = B_SPLINE_CURVE_WITH_KNOTS('',1,(#900,#901),.UNSPECIFIED.,.F.,.F.,
  (2,2),(-18.5,-6.5),.PIECEWISE_BEZIER_KNOTS.);
#900 = CARTESIAN_POINT('',(11.,-7.312941802641));
#901 = CARTESIAN_POINT('',(-1.,-7.312941802641));
#902 = ( GEOMETRIC_REPRESENTATION_CONTEXT(2) 
PARAMETRIC_REPRESENTATION_CONTEXT() REPRESENTATION_CONTEXT('2D SPACE',''
  ) );
#903 = ADVANCED_FACE('',(#904,#952),#502,.F.);
#904 = FACE_BOUND('',#905,.F.);
#905 = EDGE_LOOP('',(#906,#907,#930,#951));
#906 = ORIENTED_EDGE('',*,*,#486,.F.);
#907 = ORIENTED_EDGE('',*,*,#908,.T.);
#908 = EDGE_CURVE('',#459,#909,#911,.T.);
#909 = VERTEX_POINT('',#910);
#910 = CARTESIAN_POINT('',(5.,-47.1,7.5));
#911 = SURFACE_CURVE('',#912,(#916,#923),.PCURVE_S1.);
#912 = LINE('',#913,#914);
#913 = CARTESIAN_POINT('',(-5.,-47.1,7.5));
#914 = VECTOR('',#915,1.);
#915 = DIRECTION('',(1.,0.,0.));
#916 = PCURVE('',#502,#917);
#917 = DEFINITIONAL_REPRESENTATION('',(#918),#922);
#918 = LINE('',#919,#920);
#919 = CARTESIAN_POINT('',(0.,0.));
#920 = VECTOR('',#921,1.);
#921 = DIRECTION('',(1.,0.));
#922 = ( GEOMETRIC_REPRESENTATION_CONTEXT(2) 
PARAMETRIC_REPRESENTATION_CONTEXT() REPRESENTATION_CONTEXT('2D SPACE',''
  ) );
#923 = PCURVE('',#474,#924);
#924 = DEFINITIONAL_REPRESENTATION('',(#925),#929);
#925 = LINE('',#926,#927);
#926 = CARTESIAN_POINT('',(0.,0.));
#927 = VECTOR('',#928,1.);
#928 = DIRECTION('',(0.,1.));
#929 = ( GEOMETRIC_REPRESENTATION_CONTEXT(2) 
PARAMETRIC_REPRESENTATION_CONTEXT() REPRESENTATION_CONTEXT('2D SPACE',''
  ) );
#930 = ORIENTED_EDGE('',*,*,#931,.T.);
#931 = EDGE_CURVE('',#909,#858,#932,.T.);
#932 = SURFACE_CURVE('',#933,(#937,#944),.PCURVE_S1.);
#933 = LINE('',#934,#935);
#934 = CARTESIAN_POINT('',(5.,-47.1,7.5));
#935 = VECTOR('',#936,1.);
#936 = DIRECTION('',(0.,1.,0.));
#937 = PCURVE('',#502,#938);
#938 = DEFINITIONAL_REPRESENTATION('',(#939),#943);
#939 = LINE('',#940,#941);
#940 = CARTESIAN_POINT('',(10.,0.));
#941 = VECTOR('',#942,1.);
#942 = DIRECTION('',(0.,1.));
#943 = ( GEOMETRIC_REPRESENTATION_CONTEXT(2) 
PARAMETRIC_REPRESENTATION_CONTEXT() REPRESENTATION_CONTEXT('2D SPACE',''
  ) );
#944 = PCURVE('',#581,#945);
#945 = DEFINITIONAL_REPRESENTATION('',(#946),#950);
#946 = LINE('',#947,#948);
#947 = CARTESIAN_POINT('',(0.,0.));
#948 = VECTOR('',#949,1.);
#949 = DIRECTION('',(0.,-1.));
#950 = ( GEOMETRIC_REPRESENTATION_CONTEXT(2) 
PARAMETRIC_REPRESENTATION_CONTEXT() REPRESENTATION_CONTEXT('2D SPACE',''
  ) );
#951 = ORIENTED_EDGE('',*,*,#857,.T.);
#952 = FACE_BOUND('',#953,.F.);
#953 = EDGE_LOOP('',(#954));
#954 = ORIENTED_EDGE('',*,*,#955,.F.);
#955 = EDGE_CURVE('',#956,#956,#958,.T.);
#956 = VERTEX_POINT('',#957);
#957 = CARTESIAN_POINT('',(1.6,-45.1,7.5));
#958 = SURFACE_CURVE('',#959,(#964,#971),.PCURVE_S1.);
#959 = CIRCLE('',#960,1.6);
#960 = AXIS2_PLACEMENT_3D('',#961,#962,#963);
#961 = CARTESIAN_POINT('',(0.,-45.1,7.5));
#962 = DIRECTION('',(0.,0.,1.));
#963 = DIRECTION('',(1.,0.,-0.));
#964 = PCURVE('',#502,#965);
#965 = DEFINITIONAL_REPRESENTATION('',(#966),#970);
#966 = CIRCLE('',#967,1.6);
#967 = AXIS2_PLACEMENT_2D('',#968,#969);
#968 = CARTESIAN_POINT('',(5.,2.));
#969 = DIRECTION('',(1.,0.));
#970 = ( GEOMETRIC_REPRESENTATION_CONTEXT(2) 
PARAMETRIC_REPRESENTATION_CONTEXT() REPRESENTATION_CONTEXT('2D SPACE',''
  ) );
#971 = PCURVE('',#638,#972);
#972 = DEFINITIONAL_REPRESENTATION('',(#973),#977);
#973 = LINE('',#974,#975);
#974 = CARTESIAN_POINT('',(0.,10.));
#975 = VECTOR('',#976,1.);
#976 = DIRECTION('',(1.,0.));
#977 = ( GEOMETRIC_REPRESENTATION_CONTEXT(2) 
PARAMETRIC_REPRESENTATION_CONTEXT() REPRESENTATION_CONTEXT('2D SPACE',''
  ) );
#978 = ADVANCED_FACE('',(#979),#474,.F.);
#979 = FACE_BOUND('',#980,.F.);
#980 = EDGE_LOOP('',(#981,#982,#983,#984));
#981 = ORIENTED_EDGE('',*,*,#908,.F.);
#982 = ORIENTED_EDGE('',*,*,#458,.T.);
#983 = ORIENTED_EDGE('',*,*,#542,.T.);
#984 = ORIENTED_EDGE('',*,*,#985,.F.);
#985 = EDGE_CURVE('',#909,#543,#986,.T.);
#986 = SURFACE_CURVE('',#987,(#991,#998),.PCURVE_S1.);
#987 = LINE('',#988,#989);
#988 = CARTESIAN_POINT('',(5.,-47.1,7.5));
#989 = VECTOR('',#990,1.);
#990 = DIRECTION('',(0.,0.,1.));
#991 = PCURVE('',#474,#992);
#992 = DEFINITIONAL_REPRESENTATION('',(#993),#997);
#993 = LINE('',#994,#995);
#994 = CARTESIAN_POINT('',(0.,10.));
#995 = VECTOR('',#996,1.);
#996 = DIRECTION('',(1.,0.));
#997 = ( GEOMETRIC_REPRESENTATION_CONTEXT(2) 
PARAMETRIC_REPRESENTATION_CONTEXT() REPRESENTATION_CONTEXT('2D SPACE',''
  ) );
#998 = PCURVE('',#581,#999);
#999 = DEFINITIONAL_REPRESENTATION('',(#1000),#1004);
#1000 = LINE('',#1001,#1002);
#1001 = CARTESIAN_POINT('',(0.,0.));
#1002 = VECTOR('',#1003,1.);
#1003 = DIRECTION('',(1.,0.));
#1004 = ( GEOMETRIC_REPRESENTATION_CONTEXT(2) 
PARAMETRIC_REPRESENTATION_CONTEXT() REPRESENTATION_CONTEXT('2D SPACE',''
  ) );
#1005 = ADVANCED_FACE('',(#1006),#581,.T.);
#1006 = FACE_BOUND('',#1007,.T.);
#1007 = EDGE_LOOP('',(#1008,#1009,#1010,#1011));
#1008 = ORIENTED_EDGE('',*,*,#565,.F.);
#1009 = ORIENTED_EDGE('',*,*,#985,.F.);
#1010 = ORIENTED_EDGE('',*,*,#931,.T.);
#1011 = ORIENTED_EDGE('',*,*,#885,.F.);
#1012 = ADVANCED_FACE('',(#1013),#638,.F.);
#1013 = FACE_BOUND('',#1014,.F.);
#1014 = EDGE_LOOP('',(#1015,#1016,#1037,#1038));
#1015 = ORIENTED_EDGE('',*,*,#621,.F.);
#1016 = ORIENTED_EDGE('',*,*,#1017,.F.);
#1017 = EDGE_CURVE('',#956,#622,#1018,.T.);
#1018 = SEAM_CURVE('',#1019,(#1023,#1030),.PCURVE_S1.);
#1019 = LINE('',#1020,#1021);
#1020 = CARTESIAN_POINT('',(1.6,-45.1,-2.5));
#1021 = VECTOR('',#1022,1.);
#1022 = DIRECTION('',(0.,0.,1.));
#1023 = PCURVE('',#638,#1024);
#1024 = DEFINITIONAL_REPRESENTATION('',(#1025),#1029);
#1025 = LINE('',#1026,#1027);
#1026 = CARTESIAN_POINT('',(6.28318530718,-0.));
#1027 = VECTOR('',#1028,1.);
#1028 = DIRECTION('',(0.,1.));
#1029 = ( GEOMETRIC_REPRESENTATION_CONTEXT(2) 
PARAMETRIC_REPRESENTATION_CONTEXT() REPRESENTATION_CONTEXT('2D SPACE',''
  ) );
#1030 = PCURVE('',#638,#1031);
#1031 = DEFINITIONAL_REPRESENTATION('',(#1032),#1036);
#1032 = LINE('',#1033,#1034);
#1033 = CARTESIAN_POINT('',(0.,-0.));
#1034 = VECTOR('',#1035,1.);
#1035 = DIRECTION('',(0.,1.));
#1036 = ( GEOMETRIC_REPRESENTATION_CONTEXT(2) 
PARAMETRIC_REPRESENTATION_CONTEXT() REPRESENTATION_CONTEXT('2D SPACE',''
  ) );
#1037 = ORIENTED_EDGE('',*,*,#955,.T.);
#1038 = ORIENTED_EDGE('',*,*,#1017,.T.);
#1039 = ADVANCED_FACE('',(#1040,#1043),#670,.F.);
#1040 = FACE_BOUND('',#1041,.F.);
#1041 = EDGE_LOOP('',(#1042));
#1042 = ORIENTED_EDGE('',*,*,#653,.T.);
#1043 = FACE_BOUND('',#1044,.F.);
#1044 = EDGE_LOOP('',(#1045));
#1045 = ORIENTED_EDGE('',*,*,#1046,.F.);
#1046 = EDGE_CURVE('',#1047,#1047,#1049,.T.);
#1047 = VERTEX_POINT('',#1048);
#1048 = CARTESIAN_POINT('',(37.1,0.,0.));
#1049 = SURFACE_CURVE('',#1050,(#1055,#1062),.PCURVE_S1.);
#1050 = CIRCLE('',#1051,37.1);
#1051 = AXIS2_PLACEMENT_3D('',#1052,#1053,#1054);
#1052 = CARTESIAN_POINT('',(0.,0.,0.));
#1053 = DIRECTION('',(0.,0.,1.));
#1054 = DIRECTION('',(1.,0.,0.));
#1055 = PCURVE('',#670,#1056);
#1056 = DEFINITIONAL_REPRESENTATION('',(#1057),#1061);
#1057 = CIRCLE('',#1058,37.1);
#1058 = AXIS2_PLACEMENT_2D('',#1059,#1060);
#1059 = CARTESIAN_POINT('',(3.27367213775E-15,-5.455035369732E-16));
#1060 = DIRECTION('',(1.,0.));
#1061 = ( GEOMETRIC_REPRESENTATION_CONTEXT(2) 
PARAMETRIC_REPRESENTATION_CONTEXT() REPRESENTATION_CONTEXT('2D SPACE',''
  ) );
#1062 = PCURVE('',#1063,#1068);
#1063 = CYLINDRICAL_SURFACE('',#1064,37.1);
#1064 = AXIS2_PLACEMENT_3D('',#1065,#1066,#1067);
#1065 = CARTESIAN_POINT('',(0.,0.,0.));
#1066 = DIRECTION('',(-0.,-0.,-1.));
#1067 = DIRECTION('',(1.,0.,0.));
#1068 = DEFINITIONAL_REPRESENTATION('',(#1069),#1073);
#1069 = LINE('',#1070,#1071);
#1070 = CARTESIAN_POINT('',(-0.,0.));
#1071 = VECTOR('',#1072,1.);
#1072 = DIRECTION('',(-1.,0.));
#1073 = ( GEOMETRIC_REPRESENTATION_CONTEXT(2) 
PARAMETRIC_REPRESENTATION_CONTEXT() REPRESENTATION_CONTEXT('2D SPACE',''
  ) );
#1074 = ADVANCED_FACE('',(#1075,#1078),#720,.T.);
#1075 = FACE_BOUND('',#1076,.T.);
#1076 = EDGE_LOOP('',(#1077));
#1077 = ORIENTED_EDGE('',*,*,#705,.T.);
#1078 = FACE_BOUND('',#1079,.T.);
#1079 = EDGE_LOOP('',(#1080));
#1080 = ORIENTED_EDGE('',*,*,#1081,.F.);
#1081 = EDGE_CURVE('',#1082,#1082,#1084,.T.);
#1082 = VERTEX_POINT('',#1083);
#1083 = CARTESIAN_POINT('',(37.1,0.,25.));
#1084 = SURFACE_CURVE('',#1085,(#1090,#1097),.PCURVE_S1.);
#1085 = CIRCLE('',#1086,37.1);
#1086 = AXIS2_PLACEMENT_3D('',#1087,#1088,#1089);
#1087 = CARTESIAN_POINT('',(0.,0.,25.));
#1088 = DIRECTION('',(0.,0.,1.));
#1089 = DIRECTION('',(1.,0.,0.));
#1090 = PCURVE('',#720,#1091);
#1091 = DEFINITIONAL_REPRESENTATION('',(#1092),#1096);
#1092 = CIRCLE('',#1093,37.1);
#1093 = AXIS2_PLACEMENT_2D('',#1094,#1095);
#1094 = CARTESIAN_POINT('',(3.27367213775E-15,-5.455035369732E-16));
#1095 = DIRECTION('',(1.,0.));
#1096 = ( GEOMETRIC_REPRESENTATION_CONTEXT(2) 
PARAMETRIC_REPRESENTATION_CONTEXT() REPRESENTATION_CONTEXT('2D SPACE',''
  ) );
#1097 = PCURVE('',#1063,#1098);
#1098 = DEFINITIONAL_REPRESENTATION('',(#1099),#1103);
#1099 = LINE('',#1100,#1101);
#1100 = CARTESIAN_POINT('',(-0.,-25.));
#1101 = VECTOR('',#1102,1.);
#1102 = DIRECTION('',(-1.,0.));
#1103 = ( GEOMETRIC_REPRESENTATION_CONTEXT(2) 
PARAMETRIC_REPRESENTATION_CONTEXT() REPRESENTATION_CONTEXT('2D SPACE',''
  ) );
#1104 = ADVANCED_FACE('',(#1105),#752,.F.);
#1105 = FACE_BOUND('',#1106,.F.);
#1106 = EDGE_LOOP('',(#1107,#1130,#1131,#1154));
#1107 = ORIENTED_EDGE('',*,*,#1108,.F.);
#1108 = EDGE_CURVE('',#736,#1109,#1111,.T.);
#1109 = VERTEX_POINT('',#1110);
#1110 = CARTESIAN_POINT('',(-5.,47.1,17.5));
#1111 = SURFACE_CURVE('',#1112,(#1116,#1123),.PCURVE_S1.);
#1112 = LINE('',#1113,#1114);
#1113 = CARTESIAN_POINT('',(-5.,39.1,17.5));
#1114 = VECTOR('',#1115,1.);
#1115 = DIRECTION('',(0.,1.,0.));
#1116 = PCURVE('',#752,#1117);
#1117 = DEFINITIONAL_REPRESENTATION('',(#1118),#1122);
#1118 = LINE('',#1119,#1120);
#1119 = CARTESIAN_POINT('',(10.,0.));
#1120 = VECTOR('',#1121,1.);
#1121 = DIRECTION('',(0.,-1.));
#1122 = ( GEOMETRIC_REPRESENTATION_CONTEXT(2) 
PARAMETRIC_REPRESENTATION_CONTEXT() REPRESENTATION_CONTEXT('2D SPACE',''
  ) );
#1123 = PCURVE('',#780,#1124);
#1124 = DEFINITIONAL_REPRESENTATION('',(#1125),#1129);
#1125 = LINE('',#1126,#1127);
#1126 = CARTESIAN_POINT('',(0.,0.));
#1127 = VECTOR('',#1128,1.);
#1128 = DIRECTION('',(0.,1.));
#1129 = ( GEOMETRIC_REPRESENTATION_CONTEXT(2) 
PARAMETRIC_REPRESENTATION_CONTEXT() REPRESENTATION_CONTEXT('2D SPACE',''
  ) );
#1130 = ORIENTED_EDGE('',*,*,#735,.T.);
#1131 = ORIENTED_EDGE('',*,*,#1132,.T.);
#1132 = EDGE_CURVE('',#738,#1133,#1135,.T.);
#1133 = VERTEX_POINT('',#1134);
#1134 = CARTESIAN_POINT('',(-5.,47.1,7.5));
#1135 = SURFACE_CURVE('',#1136,(#1140,#1147),.PCURVE_S1.);
#1136 = LINE('',#1137,#1138);
#1137 = CARTESIAN_POINT('',(-5.,39.1,7.5));
#1138 = VECTOR('',#1139,1.);
#1139 = DIRECTION('',(0.,1.,0.));
#1140 = PCURVE('',#752,#1141);
#1141 = DEFINITIONAL_REPRESENTATION('',(#1142),#1146);
#1142 = LINE('',#1143,#1144);
#1143 = CARTESIAN_POINT('',(0.,0.));
#1144 = VECTOR('',#1145,1.);
#1145 = DIRECTION('',(0.,-1.));
#1146 = ( GEOMETRIC_REPRESENTATION_CONTEXT(2) 
PARAMETRIC_REPRESENTATION_CONTEXT() REPRESENTATION_CONTEXT('2D SPACE',''
  ) );
#1147 = PCURVE('',#837,#1148);
#1148 = DEFINITIONAL_REPRESENTATION('',(#1149),#1153);
#1149 = LINE('',#1150,#1151);
#1150 = CARTESIAN_POINT('',(0.,0.));
#1151 = VECTOR('',#1152,1.);
#1152 = DIRECTION('',(0.,1.));
#1153 = ( GEOMETRIC_REPRESENTATION_CONTEXT(2) 
PARAMETRIC_REPRESENTATION_CONTEXT() REPRESENTATION_CONTEXT('2D SPACE',''
  ) );
#1154 = ORIENTED_EDGE('',*,*,#1155,.T.);
#1155 = EDGE_CURVE('',#1133,#1109,#1156,.T.);
#1156 = SURFACE_CURVE('',#1157,(#1161,#1168),.PCURVE_S1.);
#1157 = LINE('',#1158,#1159);
#1158 = CARTESIAN_POINT('',(-5.,47.1,7.5));
#1159 = VECTOR('',#1160,1.);
#1160 = DIRECTION('',(0.,0.,1.));
#1161 = PCURVE('',#752,#1162);
#1162 = DEFINITIONAL_REPRESENTATION('',(#1163),#1167);
#1163 = LINE('',#1164,#1165);
#1164 = CARTESIAN_POINT('',(0.,-8.));
#1165 = VECTOR('',#1166,1.);
#1166 = DIRECTION('',(1.,0.));
#1167 = ( GEOMETRIC_REPRESENTATION_CONTEXT(2) 
PARAMETRIC_REPRESENTATION_CONTEXT() REPRESENTATION_CONTEXT('2D SPACE',''
  ) );
#1168 = PCURVE('',#1169,#1174);
#1169 = PLANE('',#1170);
#1170 = AXIS2_PLACEMENT_3D('',#1171,#1172,#1173);
#1171 = CARTESIAN_POINT('',(-5.,47.1,7.5));
#1172 = DIRECTION('',(0.,1.,0.));
#1173 = DIRECTION('',(0.,0.,1.));
#1174 = DEFINITIONAL_REPRESENTATION('',(#1175),#1179);
#1175 = LINE('',#1176,#1177);
#1176 = CARTESIAN_POINT('',(0.,0.));
#1177 = VECTOR('',#1178,1.);
#1178 = DIRECTION('',(1.,0.));
#1179 = ( GEOMETRIC_REPRESENTATION_CONTEXT(2) 
PARAMETRIC_REPRESENTATION_CONTEXT() REPRESENTATION_CONTEXT('2D SPACE',''
  ) );
#1180 = ADVANCED_FACE('',(#1181,#1229),#837,.F.);
#1181 = FACE_BOUND('',#1182,.F.);
#1182 = EDGE_LOOP('',(#1183,#1184,#1185,#1208));
#1183 = ORIENTED_EDGE('',*,*,#1132,.F.);
#1184 = ORIENTED_EDGE('',*,*,#822,.T.);
#1185 = ORIENTED_EDGE('',*,*,#1186,.T.);
#1186 = EDGE_CURVE('',#797,#1187,#1189,.T.);
#1187 = VERTEX_POINT('',#1188);
#1188 = CARTESIAN_POINT('',(5.,47.1,7.5));
#1189 = SURFACE_CURVE('',#1190,(#1194,#1201),.PCURVE_S1.);
#1190 = LINE('',#1191,#1192);
#1191 = CARTESIAN_POINT('',(5.,39.1,7.5));
#1192 = VECTOR('',#1193,1.);
#1193 = DIRECTION('',(0.,1.,0.));
#1194 = PCURVE('',#837,#1195);
#1195 = DEFINITIONAL_REPRESENTATION('',(#1196),#1200);
#1196 = LINE('',#1197,#1198);
#1197 = CARTESIAN_POINT('',(10.,0.));
#1198 = VECTOR('',#1199,1.);
#1199 = DIRECTION('',(0.,1.));
#1200 = ( GEOMETRIC_REPRESENTATION_CONTEXT(2) 
PARAMETRIC_REPRESENTATION_CONTEXT() REPRESENTATION_CONTEXT('2D SPACE',''
  ) );
#1201 = PCURVE('',#811,#1202);
#1202 = DEFINITIONAL_REPRESENTATION('',(#1203),#1207);
#1203 = LINE('',#1204,#1205);
#1204 = CARTESIAN_POINT('',(0.,0.));
#1205 = VECTOR('',#1206,1.);
#1206 = DIRECTION('',(0.,-1.));
#1207 = ( GEOMETRIC_REPRESENTATION_CONTEXT(2) 
PARAMETRIC_REPRESENTATION_CONTEXT() REPRESENTATION_CONTEXT('2D SPACE',''
  ) );
#1208 = ORIENTED_EDGE('',*,*,#1209,.F.);
#1209 = EDGE_CURVE('',#1133,#1187,#1210,.T.);
#1210 = SURFACE_CURVE('',#1211,(#1215,#1222),.PCURVE_S1.);
#1211 = LINE('',#1212,#1213);
#1212 = CARTESIAN_POINT('',(-5.,47.1,7.5));
#1213 = VECTOR('',#1214,1.);
#1214 = DIRECTION('',(1.,0.,0.));
#1215 = PCURVE('',#837,#1216);
#1216 = DEFINITIONAL_REPRESENTATION('',(#1217),#1221);
#1217 = LINE('',#1218,#1219);
#1218 = CARTESIAN_POINT('',(0.,8.));
#1219 = VECTOR('',#1220,1.);
#1220 = DIRECTION('',(1.,0.));
#1221 = ( GEOMETRIC_REPRESENTATION_CONTEXT(2) 
PARAMETRIC_REPRESENTATION_CONTEXT() REPRESENTATION_CONTEXT('2D SPACE',''
  ) );
#1222 = PCURVE('',#1169,#1223);
#1223 = DEFINITIONAL_REPRESENTATION('',(#1224),#1228);
#1224 = LINE('',#1225,#1226);
#1225 = CARTESIAN_POINT('',(0.,0.));
#1226 = VECTOR('',#1227,1.);
#1227 = DIRECTION('',(0.,1.));
#1228 = ( GEOMETRIC_REPRESENTATION_CONTEXT(2) 
PARAMETRIC_REPRESENTATION_CONTEXT() REPRESENTATION_CONTEXT('2D SPACE',''
  ) );
#1229 = FACE_BOUND('',#1230,.F.);
#1230 = EDGE_LOOP('',(#1231));
#1231 = ORIENTED_EDGE('',*,*,#1232,.F.);
#1232 = EDGE_CURVE('',#1233,#1233,#1235,.T.);
#1233 = VERTEX_POINT('',#1234);
#1234 = CARTESIAN_POINT('',(1.6,45.1,7.5));
#1235 = SURFACE_CURVE('',#1236,(#1241,#1248),.PCURVE_S1.);
#1236 = CIRCLE('',#1237,1.6);
#1237 = AXIS2_PLACEMENT_3D('',#1238,#1239,#1240);
#1238 = CARTESIAN_POINT('',(0.,45.1,7.5));
#1239 = DIRECTION('',(0.,0.,1.));
#1240 = DIRECTION('',(1.,0.,-0.));
#1241 = PCURVE('',#837,#1242);
#1242 = DEFINITIONAL_REPRESENTATION('',(#1243),#1247);
#1243 = CIRCLE('',#1244,1.6);
#1244 = AXIS2_PLACEMENT_2D('',#1245,#1246);
#1245 = CARTESIAN_POINT('',(5.,6.));
#1246 = DIRECTION('',(1.,0.));
#1247 = ( GEOMETRIC_REPRESENTATION_CONTEXT(2) 
PARAMETRIC_REPRESENTATION_CONTEXT() REPRESENTATION_CONTEXT('2D SPACE',''
  ) );
#1248 = PCURVE('',#1249,#1254);
#1249 = CYLINDRICAL_SURFACE('',#1250,1.6);
#1250 = AXIS2_PLACEMENT_3D('',#1251,#1252,#1253);
#1251 = CARTESIAN_POINT('',(0.,45.1,-2.5));
#1252 = DIRECTION('',(0.,0.,1.));
#1253 = DIRECTION('',(1.,0.,0.));
#1254 = DEFINITIONAL_REPRESENTATION('',(#1255),#1259);
#1255 = LINE('',#1256,#1257);
#1256 = CARTESIAN_POINT('',(0.,10.));
#1257 = VECTOR('',#1258,1.);
#1258 = DIRECTION('',(1.,0.));
#1259 = ( GEOMETRIC_REPRESENTATION_CONTEXT(2) 
PARAMETRIC_REPRESENTATION_CONTEXT() REPRESENTATION_CONTEXT('2D SPACE',''
  ) );
#1260 = ADVANCED_FACE('',(#1261),#811,.T.);
#1261 = FACE_BOUND('',#1262,.T.);
#1262 = EDGE_LOOP('',(#1263,#1286,#1287,#1288));
#1263 = ORIENTED_EDGE('',*,*,#1264,.F.);
#1264 = EDGE_CURVE('',#764,#1265,#1267,.T.);
#1265 = VERTEX_POINT('',#1266);
#1266 = CARTESIAN_POINT('',(5.,47.1,17.5));
#1267 = SURFACE_CURVE('',#1268,(#1272,#1279),.PCURVE_S1.);
#1268 = LINE('',#1269,#1270);
#1269 = CARTESIAN_POINT('',(5.,39.1,17.5));
#1270 = VECTOR('',#1271,1.);
#1271 = DIRECTION('',(0.,1.,0.));
#1272 = PCURVE('',#811,#1273);
#1273 = DEFINITIONAL_REPRESENTATION('',(#1274),#1278);
#1274 = LINE('',#1275,#1276);
#1275 = CARTESIAN_POINT('',(10.,0.));
#1276 = VECTOR('',#1277,1.);
#1277 = DIRECTION('',(0.,-1.));
#1278 = ( GEOMETRIC_REPRESENTATION_CONTEXT(2) 
PARAMETRIC_REPRESENTATION_CONTEXT() REPRESENTATION_CONTEXT('2D SPACE',''
  ) );
#1279 = PCURVE('',#780,#1280);
#1280 = DEFINITIONAL_REPRESENTATION('',(#1281),#1285);
#1281 = LINE('',#1282,#1283);
#1282 = CARTESIAN_POINT('',(10.,0.));
#1283 = VECTOR('',#1284,1.);
#1284 = DIRECTION('',(0.,1.));
#1285 = ( GEOMETRIC_REPRESENTATION_CONTEXT(2) 
PARAMETRIC_REPRESENTATION_CONTEXT() REPRESENTATION_CONTEXT('2D SPACE',''
  ) );
#1286 = ORIENTED_EDGE('',*,*,#796,.T.);
#1287 = ORIENTED_EDGE('',*,*,#1186,.T.);
#1288 = ORIENTED_EDGE('',*,*,#1289,.T.);
#1289 = EDGE_CURVE('',#1187,#1265,#1290,.T.);
#1290 = SURFACE_CURVE('',#1291,(#1295,#1302),.PCURVE_S1.);
#1291 = LINE('',#1292,#1293);
#1292 = CARTESIAN_POINT('',(5.,47.1,7.5));
#1293 = VECTOR('',#1294,1.);
#1294 = DIRECTION('',(0.,0.,1.));
#1295 = PCURVE('',#811,#1296);
#1296 = DEFINITIONAL_REPRESENTATION('',(#1297),#1301);
#1297 = LINE('',#1298,#1299);
#1298 = CARTESIAN_POINT('',(0.,-8.));
#1299 = VECTOR('',#1300,1.);
#1300 = DIRECTION('',(1.,0.));
#1301 = ( GEOMETRIC_REPRESENTATION_CONTEXT(2) 
PARAMETRIC_REPRESENTATION_CONTEXT() REPRESENTATION_CONTEXT('2D SPACE',''
  ) );
#1302 = PCURVE('',#1169,#1303);
#1303 = DEFINITIONAL_REPRESENTATION('',(#1304),#1308);
#1304 = LINE('',#1305,#1306);
#1305 = CARTESIAN_POINT('',(0.,10.));
#1306 = VECTOR('',#1307,1.);
#1307 = DIRECTION('',(1.,0.));
#1308 = ( GEOMETRIC_REPRESENTATION_CONTEXT(2) 
PARAMETRIC_REPRESENTATION_CONTEXT() REPRESENTATION_CONTEXT('2D SPACE',''
  ) );
#1309 = ADVANCED_FACE('',(#1310,#1336),#780,.T.);
#1310 = FACE_BOUND('',#1311,.T.);
#1311 = EDGE_LOOP('',(#1312,#1313,#1314,#1315));
#1312 = ORIENTED_EDGE('',*,*,#1108,.F.);
#1313 = ORIENTED_EDGE('',*,*,#763,.T.);
#1314 = ORIENTED_EDGE('',*,*,#1264,.T.);
#1315 = ORIENTED_EDGE('',*,*,#1316,.F.);
#1316 = EDGE_CURVE('',#1109,#1265,#1317,.T.);
#1317 = SURFACE_CURVE('',#1318,(#1322,#1329),.PCURVE_S1.);
#1318 = LINE('',#1319,#1320);
#1319 = CARTESIAN_POINT('',(-5.,47.1,17.5));
#1320 = VECTOR('',#1321,1.);
#1321 = DIRECTION('',(1.,0.,0.));
#1322 = PCURVE('',#780,#1323);
#1323 = DEFINITIONAL_REPRESENTATION('',(#1324),#1328);
#1324 = LINE('',#1325,#1326);
#1325 = CARTESIAN_POINT('',(0.,8.));
#1326 = VECTOR('',#1327,1.);
#1327 = DIRECTION('',(1.,0.));
#1328 = ( GEOMETRIC_REPRESENTATION_CONTEXT(2) 
PARAMETRIC_REPRESENTATION_CONTEXT() REPRESENTATION_CONTEXT('2D SPACE',''
  ) );
#1329 = PCURVE('',#1169,#1330);
#1330 = DEFINITIONAL_REPRESENTATION('',(#1331),#1335);
#1331 = LINE('',#1332,#1333);
#1332 = CARTESIAN_POINT('',(10.,0.));
#1333 = VECTOR('',#1334,1.);
#1334 = DIRECTION('',(0.,1.));
#1335 = ( GEOMETRIC_REPRESENTATION_CONTEXT(2) 
PARAMETRIC_REPRESENTATION_CONTEXT() REPRESENTATION_CONTEXT('2D SPACE',''
  ) );
#1336 = FACE_BOUND('',#1337,.T.);
#1337 = EDGE_LOOP('',(#1338));
#1338 = ORIENTED_EDGE('',*,*,#1339,.F.);
#1339 = EDGE_CURVE('',#1340,#1340,#1342,.T.);
#1340 = VERTEX_POINT('',#1341);
#1341 = CARTESIAN_POINT('',(1.6,45.1,17.5));
#1342 = SURFACE_CURVE('',#1343,(#1348,#1355),.PCURVE_S1.);
#1343 = CIRCLE('',#1344,1.6);
#1344 = AXIS2_PLACEMENT_3D('',#1345,#1346,#1347);
#1345 = CARTESIAN_POINT('',(0.,45.1,17.5));
#1346 = DIRECTION('',(0.,0.,1.));
#1347 = DIRECTION('',(1.,0.,-0.));
#1348 = PCURVE('',#780,#1349);
#1349 = DEFINITIONAL_REPRESENTATION('',(#1350),#1354);
#1350 = CIRCLE('',#1351,1.6);
#1351 = AXIS2_PLACEMENT_2D('',#1352,#1353);
#1352 = CARTESIAN_POINT('',(5.,6.));
#1353 = DIRECTION('',(1.,0.));
#1354 = ( GEOMETRIC_REPRESENTATION_CONTEXT(2) 
PARAMETRIC_REPRESENTATION_CONTEXT() REPRESENTATION_CONTEXT('2D SPACE',''
  ) );
#1355 = PCURVE('',#1249,#1356);
#1356 = DEFINITIONAL_REPRESENTATION('',(#1357),#1361);
#1357 = LINE('',#1358,#1359);
#1358 = CARTESIAN_POINT('',(0.,20.));
#1359 = VECTOR('',#1360,1.);
#1360 = DIRECTION('',(1.,0.));
#1361 = ( GEOMETRIC_REPRESENTATION_CONTEXT(2) 
PARAMETRIC_REPRESENTATION_CONTEXT() REPRESENTATION_CONTEXT('2D SPACE',''
  ) );
#1362 = ADVANCED_FACE('',(#1363),#1063,.F.);
#1363 = FACE_BOUND('',#1364,.T.);
#1364 = EDGE_LOOP('',(#1365,#1386,#1387,#1388));
#1365 = ORIENTED_EDGE('',*,*,#1366,.T.);
#1366 = EDGE_CURVE('',#1047,#1082,#1367,.T.);
#1367 = SEAM_CURVE('',#1368,(#1372,#1379),.PCURVE_S1.);
#1368 = LINE('',#1369,#1370);
#1369 = CARTESIAN_POINT('',(37.1,0.,0.));
#1370 = VECTOR('',#1371,1.);
#1371 = DIRECTION('',(0.,0.,1.));
#1372 = PCURVE('',#1063,#1373);
#1373 = DEFINITIONAL_REPRESENTATION('',(#1374),#1378);
#1374 = LINE('',#1375,#1376);
#1375 = CARTESIAN_POINT('',(-0.,0.));
#1376 = VECTOR('',#1377,1.);
#1377 = DIRECTION('',(-0.,-1.));
#1378 = ( GEOMETRIC_REPRESENTATION_CONTEXT(2) 
PARAMETRIC_REPRESENTATION_CONTEXT() REPRESENTATION_CONTEXT('2D SPACE',''
  ) );
#1379 = PCURVE('',#1063,#1380);
#1380 = DEFINITIONAL_REPRESENTATION('',(#1381),#1385);
#1381 = LINE('',#1382,#1383);
#1382 = CARTESIAN_POINT('',(-6.28318530718,0.));
#1383 = VECTOR('',#1384,1.);
#1384 = DIRECTION('',(-0.,-1.));
#1385 = ( GEOMETRIC_REPRESENTATION_CONTEXT(2) 
PARAMETRIC_REPRESENTATION_CONTEXT() REPRESENTATION_CONTEXT('2D SPACE',''
  ) );
#1386 = ORIENTED_EDGE('',*,*,#1081,.T.);
#1387 = ORIENTED_EDGE('',*,*,#1366,.F.);
#1388 = ORIENTED_EDGE('',*,*,#1046,.F.);
#1389 = ADVANCED_FACE('',(#1390),#1169,.T.);
#1390 = FACE_BOUND('',#1391,.T.);
#1391 = EDGE_LOOP('',(#1392,#1393,#1394,#1395));
#1392 = ORIENTED_EDGE('',*,*,#1209,.F.);
#1393 = ORIENTED_EDGE('',*,*,#1155,.T.);
#1394 = ORIENTED_EDGE('',*,*,#1316,.T.);
#1395 = ORIENTED_EDGE('',*,*,#1289,.F.);
#1396 = ADVANCED_FACE('',(#1397),#1249,.F.);
#1397 = FACE_BOUND('',#1398,.F.);
#1398 = EDGE_LOOP('',(#1399,#1400,#1421,#1422));
#1399 = ORIENTED_EDGE('',*,*,#1339,.F.);
#1400 = ORIENTED_EDGE('',*,*,#1401,.F.);
#1401 = EDGE_CURVE('',#1233,#1340,#1402,.T.);
#1402 = SEAM_CURVE('',#1403,(#1407,#1414),.PCURVE_S1.);
#1403 = LINE('',#1404,#1405);
#1404 = CARTESIAN_POINT('',(1.6,45.1,-2.5));
#1405 = VECTOR('',#1406,1.);
#1406 = DIRECTION('',(0.,0.,1.));
#1407 = PCURVE('',#1249,#1408);
#1408 = DEFINITIONAL_REPRESENTATION('',(#1409),#1413);
#1409 = LINE('',#1410,#1411);
#1410 = CARTESIAN_POINT('',(6.28318530718,-0.));
#1411 = VECTOR('',#1412,1.);
#1412 = DIRECTION('',(0.,1.));
#1413 = ( GEOMETRIC_REPRESENTATION_CONTEXT(2) 
PARAMETRIC_REPRESENTATION_CONTEXT() REPRESENTATION_CONTEXT('2D SPACE',''
  ) );
#1414 = PCURVE('',#1249,#1415);
#1415 = DEFINITIONAL_REPRESENTATION('',(#1416),#1420);
#1416 = LINE('',#1417,#1418);
#1417 = CARTESIAN_POINT('',(0.,-0.));
#1418 = VECTOR('',#1419,1.);
#1419 = DIRECTION('',(0.,1.));
#1420 = ( GEOMETRIC_REPRESENTATION_CONTEXT(2) 
PARAMETRIC_REPRESENTATION_CONTEXT() REPRESENTATION_CONTEXT('2D SPACE',''
  ) );
#1421 = ORIENTED_EDGE('',*,*,#1232,.T.);
#1422 = ORIENTED_EDGE('',*,*,#1401,.T.);
#1423 = ( GEOMETRIC_REPRESENTATION_CONTEXT(3) 
GLOBAL_UNCERTAINTY_ASSIGNED_CONTEXT((#1427)) 
GLOBAL_UNIT_ASSIGNED_CONTEXT((#1424,#1425,#1426)) REPRESENTATION_CONTEXT
('Context #1','3D Context with UNIT and UNCERTAINTY') );
#1424 = ( LENGTH_UNIT() NAMED_UNIT(*) SI_UNIT(.MILLI.,.METRE.) );
#1425 = ( NAMED_UNIT(*) PLANE_ANGLE_UNIT() SI_UNIT($,.RADIAN.) );
#1426 = ( NAMED_UNIT(*) SI_UNIT($,.STERADIAN.) SOLID_ANGLE_UNIT() );
#1427 = UNCERTAINTY_MEASURE_WITH_UNIT(LENGTH_MEASURE(1.E-07),#1424,
  'distance_accuracy_value','confusion accuracy');
#1428 = CONTEXT_DEPENDENT_SHAPE_REPRESENTATION(#1429,#1431);
#1429 = ( REPRESENTATION_RELATIONSHIP('','',#416,#40) 
REPRESENTATION_RELATIONSHIP_WITH_TRANSFORMATION(#1430) 
SHAPE_REPRESENTATION_RELATIONSHIP() );
#1430 = ITEM_DEFINED_TRANSFORMATION('','',#11,#45);
#1431 = PRODUCT_DEFINITION_SHAPE('Placement','Placement of an item',
  #1432);
#1432 = NEXT_ASSEMBLY_USAGE_OCCURRENCE('2','=>[0:1:1:4]','',#35,#411,$);
#1433 = PRODUCT_RELATED_PRODUCT_CATEGORY('part',$,(#413));
#1434 = SHAPE_DEFINITION_REPRESENTATION(#1435,#1441);
#1435 = PRODUCT_DEFINITION_SHAPE('','',#1436);
#1436 = PRODUCT_DEFINITION('design','',#1437,#1440);
#1437 = PRODUCT_DEFINITION_FORMATION('','',#1438);
#1438 = PRODUCT('ASSEMBLY','ASSEMBLY','',(#1439));
#1439 = PRODUCT_CONTEXT('',#2,'mechanical');
#1440 = PRODUCT_DEFINITION_CONTEXT('part definition',#2,'design');
#1441 = SHAPE_REPRESENTATION('',(#11,#1442,#1446,#1450,#1454,#1458,#1462
    ,#1466,#1470),#1474);
#1442 = AXIS2_PLACEMENT_3D('',#1443,#1444,#1445);
#1443 = CARTESIAN_POINT('',(-9.25,48.85,-7.5));
#1444 = DIRECTION('',(0.,0.,1.));
#1445 = DIRECTION('',(1.,0.,0.));
#1446 = AXIS2_PLACEMENT_3D('',#1447,#1448,#1449);
#1447 = CARTESIAN_POINT('',(0.,36.85,43.85));
#1448 = DIRECTION('',(0.,-1.,0.));
#1449 = DIRECTION('',(1.,0.,0.));
#1450 = AXIS2_PLACEMENT_3D('',#1451,#1452,#1453);
#1451 = CARTESIAN_POINT('',(0.,-40.85,43.85));
#1452 = DIRECTION('',(0.,-1.,0.));
#1453 = DIRECTION('',(1.,0.,0.));
#1454 = AXIS2_PLACEMENT_3D('',#1455,#1456,#1457);
#1455 = CARTESIAN_POINT('',(0.,36.85,-33.85));
#1456 = DIRECTION('',(0.,-1.,0.));
#1457 = DIRECTION('',(1.,0.,0.));
#1458 = AXIS2_PLACEMENT_3D('',#1459,#1460,#1461);
#1459 = CARTESIAN_POINT('',(0.,-40.85,-33.85));
#1460 = DIRECTION('',(0.,-1.,0.));
#1461 = DIRECTION('',(1.,0.,0.));
#1462 = AXIS2_PLACEMENT_3D('',#1463,#1464,#1465);
#1463 = CARTESIAN_POINT('',(0.,-38.85,2.));
#1464 = DIRECTION('',(0.,0.,1.));
#1465 = DIRECTION('',(1.,0.,0.));
#1466 = AXIS2_PLACEMENT_3D('',#1467,#1468,#1469);
#1467 = CARTESIAN_POINT('',(0.,38.85,2.));
#1468 = DIRECTION('',(0.,0.,1.));
#1469 = DIRECTION('',(1.,0.,0.));
#1470 = AXIS2_PLACEMENT_3D('',#1471,#1472,#1473);
#1471 = CARTESIAN_POINT('',(0.,0.,0.));
#1472 = DIRECTION('',(0.,0.,1.));
#1473 = DIRECTION('',(1.,0.,-0.));
#1474 = ( GEOMETRIC_REPRESENTATION_CONTEXT(3) 
GLOBAL_UNCERTAINTY_ASSIGNED_CONTEXT((#1478)) 
GLOBAL_UNIT_ASSIGNED_CONTEXT((#1475,#1476,#1477)) REPRESENTATION_CONTEXT
('Context #1','3D Context with UNIT and UNCERTAINTY') );
#1475 = ( LENGTH_UNIT() NAMED_UNIT(*) SI_UNIT(.MILLI.,.METRE.) );
#1476 = ( NAMED_UNIT(*) PLANE_ANGLE_UNIT() SI_UNIT($,.RADIAN.) );
#1477 = ( NAMED_UNIT(*) SI_UNIT($,.STERADIAN.) SOLID_ANGLE_UNIT() );
#1478 = UNCERTAINTY_MEASURE_WITH_UNIT(LENGTH_MEASURE(1.E-07),#1475,
  'distance_accuracy_value','confusion accuracy');
#1479 = CONTEXT_DEPENDENT_SHAPE_REPRESENTATION(#1480,#1482);
#1480 = ( REPRESENTATION_RELATIONSHIP('','',#1441,#10) 
REPRESENTATION_RELATIONSHIP_WITH_TRANSFORMATION(#1481) 
SHAPE_REPRESENTATION_RELATIONSHIP() );
#1481 = ITEM_DEFINED_TRANSFORMATION('','',#11,#19);
#1482 = PRODUCT_DEFINITION_SHAPE('Placement','Placement of an item',
  #1483);
#1483 = NEXT_ASSEMBLY_USAGE_OCCURRENCE('12','=>[0:1:1:5]','',#5,#1436,$
  );
#1484 = PRODUCT_RELATED_PRODUCT_CATEGORY('part',$,(#1438));
#1485 = SHAPE_DEFINITION_REPRESENTATION(#1486,#1492);
#1486 = PRODUCT_DEFINITION_SHAPE('','',#1487);
#1487 = PRODUCT_DEFINITION('design','',#1488,#1491);
#1488 = PRODUCT_DEFINITION_FORMATION('','',#1489);
#1489 = PRODUCT('SOLID','SOLID','',(#1490));
#1490 = PRODUCT_CONTEXT('',#2,'mechanical');
#1491 = PRODUCT_DEFINITION_CONTEXT('part definition',#2,'design');
#1492 = ADVANCED_BREP_SHAPE_REPRESENTATION('',(#11,#1493),#1823);
#1493 = MANIFOLD_SOLID_BREP('',#1494);
#1494 = CLOSED_SHELL('',(#1495,#1615,#1715,#1762,#1809,#1816));
#1495 = ADVANCED_FACE('',(#1496),#1510,.F.);
#1496 = FACE_BOUND('',#1497,.F.);
#1497 = EDGE_LOOP('',(#1498,#1533,#1561,#1589));
#1498 = ORIENTED_EDGE('',*,*,#1499,.F.);
#1499 = EDGE_CURVE('',#1500,#1502,#1504,.T.);
#1500 = VERTEX_POINT('',#1501);
#1501 = CARTESIAN_POINT('',(0.,0.,0.));
#1502 = VERTEX_POINT('',#1503);
#1503 = CARTESIAN_POINT('',(0.,0.,25.));
#1504 = SURFACE_CURVE('',#1505,(#1509,#1521),.PCURVE_S1.);
#1505 = LINE('',#1506,#1507);
#1506 = CARTESIAN_POINT('',(0.,0.,0.));
#1507 = VECTOR('',#1508,1.);
#1508 = DIRECTION('',(0.,0.,1.));
#1509 = PCURVE('',#1510,#1515);
#1510 = PLANE('',#1511);
#1511 = AXIS2_PLACEMENT_3D('',#1512,#1513,#1514);
#1512 = CARTESIAN_POINT('',(0.,0.,0.));
#1513 = DIRECTION('',(1.,0.,-0.));
#1514 = DIRECTION('',(0.,0.,1.));
#1515 = DEFINITIONAL_REPRESENTATION('',(#1516),#1520);
#1516 = LINE('',#1517,#1518);
#1517 = CARTESIAN_POINT('',(0.,0.));
#1518 = VECTOR('',#1519,1.);
#1519 = DIRECTION('',(1.,0.));
#1520 = ( GEOMETRIC_REPRESENTATION_CONTEXT(2) 
PARAMETRIC_REPRESENTATION_CONTEXT() REPRESENTATION_CONTEXT('2D SPACE',''
  ) );
#1521 = PCURVE('',#1522,#1527);
#1522 = PLANE('',#1523);
#1523 = AXIS2_PLACEMENT_3D('',#1524,#1525,#1526);
#1524 = CARTESIAN_POINT('',(0.,0.,0.));
#1525 = DIRECTION('',(-0.,1.,0.));
#1526 = DIRECTION('',(0.,0.,1.));
#1527 = DEFINITIONAL_REPRESENTATION('',(#1528),#1532);
#1528 = LINE('',#1529,#1530);
#1529 = CARTESIAN_POINT('',(0.,0.));
#1530 = VECTOR('',#1531,1.);
#1531 = DIRECTION('',(1.,0.));
#1532 = ( GEOMETRIC_REPRESENTATION_CONTEXT(2) 
PARAMETRIC_REPRESENTATION_CONTEXT() REPRESENTATION_CONTEXT('2D SPACE',''
  ) );
#1533 = ORIENTED_EDGE('',*,*,#1534,.T.);
#1534 = EDGE_CURVE('',#1500,#1535,#1537,.T.);
#1535 = VERTEX_POINT('',#1536);
#1536 = CARTESIAN_POINT('',(0.,20.,0.));
#1537 = SURFACE_CURVE('',#1538,(#1542,#1549),.PCURVE_S1.);
#1538 = LINE('',#1539,#1540);
#1539 = CARTESIAN_POINT('',(0.,0.,0.));
#1540 = VECTOR('',#1541,1.);
#1541 = DIRECTION('',(-0.,1.,0.));
#1542 = PCURVE('',#1510,#1543);
#1543 = DEFINITIONAL_REPRESENTATION('',(#1544),#1548);
#1544 = LINE('',#1545,#1546);
#1545 = CARTESIAN_POINT('',(0.,0.));
#1546 = VECTOR('',#1547,1.);
#1547 = DIRECTION('',(0.,-1.));
#1548 = ( GEOMETRIC_REPRESENTATION_CONTEXT(2) 
PARAMETRIC_REPRESENTATION_CONTEXT() REPRESENTATION_CONTEXT('2D SPACE',''
  ) );
#1549 = PCURVE('',#1550,#1555);
#1550 = PLANE('',#1551);
#1551 = AXIS2_PLACEMENT_3D('',#1552,#1553,#1554);
#1552 = CARTESIAN_POINT('',(0.,0.,0.));
#1553 = DIRECTION('',(0.,0.,1.));
#1554 = DIRECTION('',(1.,0.,-0.));
#1555 = DEFINITIONAL_REPRESENTATION('',(#1556),#1560);
#1556 = LINE('',#1557,#1558);
#1557 = CARTESIAN_POINT('',(0.,0.));
#1558 = VECTOR('',#1559,1.);
#1559 = DIRECTION('',(0.,1.));
#1560 = ( GEOMETRIC_REPRESENTATION_CONTEXT(2) 
PARAMETRIC_REPRESENTATION_CONTEXT() REPRESENTATION_CONTEXT('2D SPACE',''
  ) );
#1561 = ORIENTED_EDGE('',*,*,#1562,.T.);
#1562 = EDGE_CURVE('',#1535,#1563,#1565,.T.);
#1563 = VERTEX_POINT('',#1564);
#1564 = CARTESIAN_POINT('',(0.,20.,25.));
#1565 = SURFACE_CURVE('',#1566,(#1570,#1577),.PCURVE_S1.);
#1566 = LINE('',#1567,#1568);
#1567 = CARTESIAN_POINT('',(0.,20.,0.));
#1568 = VECTOR('',#1569,1.);
#1569 = DIRECTION('',(0.,0.,1.));
#1570 = PCURVE('',#1510,#1571);
#1571 = DEFINITIONAL_REPRESENTATION('',(#1572),#1576);
#1572 = LINE('',#1573,#1574);
#1573 = CARTESIAN_POINT('',(0.,-20.));
#1574 = VECTOR('',#1575,1.);
#1575 = DIRECTION('',(1.,0.));
#1576 = ( GEOMETRIC_REPRESENTATION_CONTEXT(2) 
PARAMETRIC_REPRESENTATION_CONTEXT() REPRESENTATION_CONTEXT('2D SPACE',''
  ) );
#1577 = PCURVE('',#1578,#1583);
#1578 = PLANE('',#1579);
#1579 = AXIS2_PLACEMENT_3D('',#1580,#1581,#1582);
#1580 = CARTESIAN_POINT('',(0.,20.,0.));
#1581 = DIRECTION('',(-0.,1.,0.));
#1582 = DIRECTION('',(0.,0.,1.));
#1583 = DEFINITIONAL_REPRESENTATION('',(#1584),#1588);
#1584 = LINE('',#1585,#1586);
#1585 = CARTESIAN_POINT('',(0.,0.));
#1586 = VECTOR('',#1587,1.);
#1587 = DIRECTION('',(1.,0.));
#1588 = ( GEOMETRIC_REPRESENTATION_CONTEXT(2) 
PARAMETRIC_REPRESENTATION_CONTEXT() REPRESENTATION_CONTEXT('2D SPACE',''
  ) );
#1589 = ORIENTED_EDGE('',*,*,#1590,.F.);
#1590 = EDGE_CURVE('',#1502,#1563,#1591,.T.);
#1591 = SURFACE_CURVE('',#1592,(#1596,#1603),.PCURVE_S1.);
#1592 = LINE('',#1593,#1594);
#1593 = CARTESIAN_POINT('',(0.,0.,25.));
#1594 = VECTOR('',#1595,1.);
#1595 = DIRECTION('',(-0.,1.,0.));
#1596 = PCURVE('',#1510,#1597);
#1597 = DEFINITIONAL_REPRESENTATION('',(#1598),#1602);
#1598 = LINE('',#1599,#1600);
#1599 = CARTESIAN_POINT('',(25.,0.));
#1600 = VECTOR('',#1601,1.);
#1601 = DIRECTION('',(0.,-1.));
#1602 = ( GEOMETRIC_REPRESENTATION_CONTEXT(2) 
PARAMETRIC_REPRESENTATION_CONTEXT() REPRESENTATION_CONTEXT('2D SPACE',''
  ) );
#1603 = PCURVE('',#1604,#1609);
#1604 = PLANE('',#1605);
#1605 = AXIS2_PLACEMENT_3D('',#1606,#1607,#1608);
#1606 = CARTESIAN_POINT('',(0.,0.,25.));
#1607 = DIRECTION('',(0.,0.,1.));
#1608 = DIRECTION('',(1.,0.,-0.));
#1609 = DEFINITIONAL_REPRESENTATION('',(#1610),#1614);
#1610 = LINE('',#1611,#1612);
#1611 = CARTESIAN_POINT('',(0.,0.));
#1612 = VECTOR('',#1613,1.);
#1613 = DIRECTION('',(0.,1.));
#1614 = ( GEOMETRIC_REPRESENTATION_CONTEXT(2) 
PARAMETRIC_REPRESENTATION_CONTEXT() REPRESENTATION_CONTEXT('2D SPACE',''
  ) );
#1615 = ADVANCED_FACE('',(#1616),#1630,.T.);
#1616 = FACE_BOUND('',#1617,.T.);
#1617 = EDGE_LOOP('',(#1618,#1648,#1671,#1694));
#1618 = ORIENTED_EDGE('',*,*,#1619,.F.);
#1619 = EDGE_CURVE('',#1620,#1622,#1624,.T.);
#1620 = VERTEX_POINT('',#1621);
#1621 = CARTESIAN_POINT('',(18.5,0.,0.));
#1622 = VERTEX_POINT('',#1623);
#1623 = CARTESIAN_POINT('',(18.5,0.,25.));
#1624 = SURFACE_CURVE('',#1625,(#1629,#1641),.PCURVE_S1.);
#1625 = LINE('',#1626,#1627);
#1626 = CARTESIAN_POINT('',(18.5,0.,0.));
#1627 = VECTOR('',#1628,1.);
#1628 = DIRECTION('',(0.,0.,1.));
#1629 = PCURVE('',#1630,#1635);
#1630 = PLANE('',#1631);
#1631 = AXIS2_PLACEMENT_3D('',#1632,#1633,#1634);
#1632 = CARTESIAN_POINT('',(18.5,0.,0.));
#1633 = DIRECTION('',(1.,0.,-0.));
#1634 = DIRECTION('',(0.,0.,1.));
#1635 = DEFINITIONAL_REPRESENTATION('',(#1636),#1640);
#1636 = LINE('',#1637,#1638);
#1637 = CARTESIAN_POINT('',(0.,0.));
#1638 = VECTOR('',#1639,1.);
#1639 = DIRECTION('',(1.,0.));
#1640 = ( GEOMETRIC_REPRESENTATION_CONTEXT(2) 
PARAMETRIC_REPRESENTATION_CONTEXT() REPRESENTATION_CONTEXT('2D SPACE',''
  ) );
#1641 = PCURVE('',#1522,#1642);
#1642 = DEFINITIONAL_REPRESENTATION('',(#1643),#1647);
#1643 = LINE('',#1644,#1645);
#1644 = CARTESIAN_POINT('',(0.,18.5));
#1645 = VECTOR('',#1646,1.);
#1646 = DIRECTION('',(1.,0.));
#1647 = ( GEOMETRIC_REPRESENTATION_CONTEXT(2) 
PARAMETRIC_REPRESENTATION_CONTEXT() REPRESENTATION_CONTEXT('2D SPACE',''
  ) );
#1648 = ORIENTED_EDGE('',*,*,#1649,.T.);
#1649 = EDGE_CURVE('',#1620,#1650,#1652,.T.);
#1650 = VERTEX_POINT('',#1651);
#1651 = CARTESIAN_POINT('',(18.5,20.,0.));
#1652 = SURFACE_CURVE('',#1653,(#1657,#1664),.PCURVE_S1.);
#1653 = LINE('',#1654,#1655);
#1654 = CARTESIAN_POINT('',(18.5,0.,0.));
#1655 = VECTOR('',#1656,1.);
#1656 = DIRECTION('',(-0.,1.,0.));
#1657 = PCURVE('',#1630,#1658);
#1658 = DEFINITIONAL_REPRESENTATION('',(#1659),#1663);
#1659 = LINE('',#1660,#1661);
#1660 = CARTESIAN_POINT('',(0.,0.));
#1661 = VECTOR('',#1662,1.);
#1662 = DIRECTION('',(0.,-1.));
#1663 = ( GEOMETRIC_REPRESENTATION_CONTEXT(2) 
PARAMETRIC_REPRESENTATION_CONTEXT() REPRESENTATION_CONTEXT('2D SPACE',''
  ) );
#1664 = PCURVE('',#1550,#1665);
#1665 = DEFINITIONAL_REPRESENTATION('',(#1666),#1670);
#1666 = LINE('',#1667,#1668);
#1667 = CARTESIAN_POINT('',(18.5,0.));
#1668 = VECTOR('',#1669,1.);
#1669 = DIRECTION('',(0.,1.));
#1670 = ( GEOMETRIC_REPRESENTATION_CONTEXT(2) 
PARAMETRIC_REPRESENTATION_CONTEXT() REPRESENTATION_CONTEXT('2D SPACE',''
  ) );
#1671 = ORIENTED_EDGE('',*,*,#1672,.T.);
#1672 = EDGE_CURVE('',#1650,#1673,#1675,.T.);
#1673 = VERTEX_POINT('',#1674);
#1674 = CARTESIAN_POINT('',(18.5,20.,25.));
#1675 = SURFACE_CURVE('',#1676,(#1680,#1687),.PCURVE_S1.);
#1676 = LINE('',#1677,#1678);
#1677 = CARTESIAN_POINT('',(18.5,20.,0.));
#1678 = VECTOR('',#1679,1.);
#1679 = DIRECTION('',(0.,0.,1.));
#1680 = PCURVE('',#1630,#1681);
#1681 = DEFINITIONAL_REPRESENTATION('',(#1682),#1686);
#1682 = LINE('',#1683,#1684);
#1683 = CARTESIAN_POINT('',(0.,-20.));
#1684 = VECTOR('',#1685,1.);
#1685 = DIRECTION('',(1.,0.));
#1686 = ( GEOMETRIC_REPRESENTATION_CONTEXT(2) 
PARAMETRIC_REPRESENTATION_CONTEXT() REPRESENTATION_CONTEXT('2D SPACE',''
  ) );
#1687 = PCURVE('',#1578,#1688);
#1688 = DEFINITIONAL_REPRESENTATION('',(#1689),#1693);
#1689 = LINE('',#1690,#1691);
#1690 = CARTESIAN_POINT('',(0.,18.5));
#1691 = VECTOR('',#1692,1.);
#1692 = DIRECTION('',(1.,0.));
#1693 = ( GEOMETRIC_REPRESENTATION_CONTEXT(2) 
PARAMETRIC_REPRESENTATION_CONTEXT() REPRESENTATION_CONTEXT('2D SPACE',''
  ) );
#1694 = ORIENTED_EDGE('',*,*,#1695,.F.);
#1695 = EDGE_CURVE('',#1622,#1673,#1696,.T.);
#1696 = SURFACE_CURVE('',#1697,(#1701,#1708),.PCURVE_S1.);
#1697 = LINE('',#1698,#1699);
#1698 = CARTESIAN_POINT('',(18.5,0.,25.));
#1699 = VECTOR('',#1700,1.);
#1700 = DIRECTION('',(-0.,1.,0.));
#1701 = PCURVE('',#1630,#1702);
#1702 = DEFINITIONAL_REPRESENTATION('',(#1703),#1707);
#1703 = LINE('',#1704,#1705);
#1704 = CARTESIAN_POINT('',(25.,0.));
#1705 = VECTOR('',#1706,1.);
#1706 = DIRECTION('',(0.,-1.));
#1707 = ( GEOMETRIC_REPRESENTATION_CONTEXT(2) 
PARAMETRIC_REPRESENTATION_CONTEXT() REPRESENTATION_CONTEXT('2D SPACE',''
  ) );
#1708 = PCURVE('',#1604,#1709);
#1709 = DEFINITIONAL_REPRESENTATION('',(#1710),#1714);
#1710 = LINE('',#1711,#1712);
#1711 = CARTESIAN_POINT('',(18.5,0.));
#1712 = VECTOR('',#1713,1.);
#1713 = DIRECTION('',(0.,1.));
#1714 = ( GEOMETRIC_REPRESENTATION_CONTEXT(2) 
PARAMETRIC_REPRESENTATION_CONTEXT() REPRESENTATION_CONTEXT('2D SPACE',''
  ) );
#1715 = ADVANCED_FACE('',(#1716),#1522,.F.);
#1716 = FACE_BOUND('',#1717,.F.);
#1717 = EDGE_LOOP('',(#1718,#1739,#1740,#1761));
#1718 = ORIENTED_EDGE('',*,*,#1719,.F.);
#1719 = EDGE_CURVE('',#1500,#1620,#1720,.T.);
#1720 = SURFACE_CURVE('',#1721,(#1725,#1732),.PCURVE_S1.);
#1721 = LINE('',#1722,#1723);
#1722 = CARTESIAN_POINT('',(0.,0.,0.));
#1723 = VECTOR('',#1724,1.);
#1724 = DIRECTION('',(1.,0.,-0.));
#1725 = PCURVE('',#1522,#1726);
#1726 = DEFINITIONAL_REPRESENTATION('',(#1727),#1731);
#1727 = LINE('',#1728,#1729);
#1728 = CARTESIAN_POINT('',(0.,0.));
#1729 = VECTOR('',#1730,1.);
#1730 = DIRECTION('',(0.,1.));
#1731 = ( GEOMETRIC_REPRESENTATION_CONTEXT(2) 
PARAMETRIC_REPRESENTATION_CONTEXT() REPRESENTATION_CONTEXT('2D SPACE',''
  ) );
#1732 = PCURVE('',#1550,#1733);
#1733 = DEFINITIONAL_REPRESENTATION('',(#1734),#1738);
#1734 = LINE('',#1735,#1736);
#1735 = CARTESIAN_POINT('',(0.,0.));
#1736 = VECTOR('',#1737,1.);
#1737 = DIRECTION('',(1.,0.));
#1738 = ( GEOMETRIC_REPRESENTATION_CONTEXT(2) 
PARAMETRIC_REPRESENTATION_CONTEXT() REPRESENTATION_CONTEXT('2D SPACE',''
  ) );
#1739 = ORIENTED_EDGE('',*,*,#1499,.T.);
#1740 = ORIENTED_EDGE('',*,*,#1741,.T.);
#1741 = EDGE_CURVE('',#1502,#1622,#1742,.T.);
#1742 = SURFACE_CURVE('',#1743,(#1747,#1754),.PCURVE_S1.);
#1743 = LINE('',#1744,#1745);
#1744 = CARTESIAN_POINT('',(0.,0.,25.));
#1745 = VECTOR('',#1746,1.);
#1746 = DIRECTION('',(1.,0.,-0.));
#1747 = PCURVE('',#1522,#1748);
#1748 = DEFINITIONAL_REPRESENTATION('',(#1749),#1753);
#1749 = LINE('',#1750,#1751);
#1750 = CARTESIAN_POINT('',(25.,0.));
#1751 = VECTOR('',#1752,1.);
#1752 = DIRECTION('',(0.,1.));
#1753 = ( GEOMETRIC_REPRESENTATION_CONTEXT(2) 
PARAMETRIC_REPRESENTATION_CONTEXT() REPRESENTATION_CONTEXT('2D SPACE',''
  ) );
#1754 = PCURVE('',#1604,#1755);
#1755 = DEFINITIONAL_REPRESENTATION('',(#1756),#1760);
#1756 = LINE('',#1757,#1758);
#1757 = CARTESIAN_POINT('',(0.,0.));
#1758 = VECTOR('',#1759,1.);
#1759 = DIRECTION('',(1.,0.));
#1760 = ( GEOMETRIC_REPRESENTATION_CONTEXT(2) 
PARAMETRIC_REPRESENTATION_CONTEXT() REPRESENTATION_CONTEXT('2D SPACE',''
  ) );
#1761 = ORIENTED_EDGE('',*,*,#1619,.F.);
#1762 = ADVANCED_FACE('',(#1763),#1578,.T.);
#1763 = FACE_BOUND('',#1764,.T.);
#1764 = EDGE_LOOP('',(#1765,#1786,#1787,#1808));
#1765 = ORIENTED_EDGE('',*,*,#1766,.F.);
#1766 = EDGE_CURVE('',#1535,#1650,#1767,.T.);
#1767 = SURFACE_CURVE('',#1768,(#1772,#1779),.PCURVE_S1.);
#1768 = LINE('',#1769,#1770);
#1769 = CARTESIAN_POINT('',(0.,20.,0.));
#1770 = VECTOR('',#1771,1.);
#1771 = DIRECTION('',(1.,0.,-0.));
#1772 = PCURVE('',#1578,#1773);
#1773 = DEFINITIONAL_REPRESENTATION('',(#1774),#1778);
#1774 = LINE('',#1775,#1776);
#1775 = CARTESIAN_POINT('',(0.,0.));
#1776 = VECTOR('',#1777,1.);
#1777 = DIRECTION('',(0.,1.));
#1778 = ( GEOMETRIC_REPRESENTATION_CONTEXT(2) 
PARAMETRIC_REPRESENTATION_CONTEXT() REPRESENTATION_CONTEXT('2D SPACE',''
  ) );
#1779 = PCURVE('',#1550,#1780);
#1780 = DEFINITIONAL_REPRESENTATION('',(#1781),#1785);
#1781 = LINE('',#1782,#1783);
#1782 = CARTESIAN_POINT('',(0.,20.));
#1783 = VECTOR('',#1784,1.);
#1784 = DIRECTION('',(1.,0.));
#1785 = ( GEOMETRIC_REPRESENTATION_CONTEXT(2) 
PARAMETRIC_REPRESENTATION_CONTEXT() REPRESENTATION_CONTEXT('2D SPACE',''
  ) );
#1786 = ORIENTED_EDGE('',*,*,#1562,.T.);
#1787 = ORIENTED_EDGE('',*,*,#1788,.T.);
#1788 = EDGE_CURVE('',#1563,#1673,#1789,.T.);
#1789 = SURFACE_CURVE('',#1790,(#1794,#1801),.PCURVE_S1.);
#1790 = LINE('',#1791,#1792);
#1791 = CARTESIAN_POINT('',(0.,20.,25.));
#1792 = VECTOR('',#1793,1.);
#1793 = DIRECTION('',(1.,0.,-0.));
#1794 = PCURVE('',#1578,#1795);
#1795 = DEFINITIONAL_REPRESENTATION('',(#1796),#1800);
#1796 = LINE('',#1797,#1798);
#1797 = CARTESIAN_POINT('',(25.,0.));
#1798 = VECTOR('',#1799,1.);
#1799 = DIRECTION('',(0.,1.));
#1800 = ( GEOMETRIC_REPRESENTATION_CONTEXT(2) 
PARAMETRIC_REPRESENTATION_CONTEXT() REPRESENTATION_CONTEXT('2D SPACE',''
  ) );
#1801 = PCURVE('',#1604,#1802);
#1802 = DEFINITIONAL_REPRESENTATION('',(#1803),#1807);
#1803 = LINE('',#1804,#1805);
#1804 = CARTESIAN_POINT('',(0.,20.));
#1805 = VECTOR('',#1806,1.);
#1806 = DIRECTION('',(1.,0.));
#1807 = ( GEOMETRIC_REPRESENTATION_CONTEXT(2) 
PARAMETRIC_REPRESENTATION_CONTEXT() REPRESENTATION_CONTEXT('2D SPACE',''
  ) );
#1808 = ORIENTED_EDGE('',*,*,#1672,.F.);
#1809 = ADVANCED_FACE('',(#1810),#1550,.F.);
#1810 = FACE_BOUND('',#1811,.F.);
#1811 = EDGE_LOOP('',(#1812,#1813,#1814,#1815));
#1812 = ORIENTED_EDGE('',*,*,#1534,.F.);
#1813 = ORIENTED_EDGE('',*,*,#1719,.T.);
#1814 = ORIENTED_EDGE('',*,*,#1649,.T.);
#1815 = ORIENTED_EDGE('',*,*,#1766,.F.);
#1816 = ADVANCED_FACE('',(#1817),#1604,.T.);
#1817 = FACE_BOUND('',#1818,.T.);
#1818 = EDGE_LOOP('',(#1819,#1820,#1821,#1822));
#1819 = ORIENTED_EDGE('',*,*,#1590,.F.);
#1820 = ORIENTED_EDGE('',*,*,#1741,.T.);
#1821 = ORIENTED_EDGE('',*,*,#1695,.T.);
#1822 = ORIENTED_EDGE('',*,*,#1788,.F.);
#1823 = ( GEOMETRIC_REPRESENTATION_CONTEXT(3) 
GLOBAL_UNCERTAINTY_ASSIGNED_CONTEXT((#1827)) 
GLOBAL_UNIT_ASSIGNED_CONTEXT((#1824,#1825,#1826)) REPRESENTATION_CONTEXT
('Context #1','3D Context with UNIT and UNCERTAINTY') );
#1824 = ( LENGTH_UNIT() NAMED_UNIT(*) SI_UNIT(.MILLI.,.METRE.) );
#1825 = ( NAMED_UNIT(*) PLANE_ANGLE_UNIT() SI_UNIT($,.RADIAN.) );
#1826 = ( NAMED_UNIT(*) SI_UNIT($,.STERADIAN.) SOLID_ANGLE_UNIT() );
#1827 = UNCERTAINTY_MEASURE_WITH_UNIT(LENGTH_MEASURE(1.E-07),#1824,
  'distance_accuracy_value','confusion accuracy');
#1828 = CONTEXT_DEPENDENT_SHAPE_REPRESENTATION(#1829,#1831);
#1829 = ( REPRESENTATION_RELATIONSHIP('','',#1492,#1441) 
REPRESENTATION_RELATIONSHIP_WITH_TRANSFORMATION(#1830) 
SHAPE_REPRESENTATION_RELATIONSHIP() );
#1830 = ITEM_DEFINED_TRANSFORMATION('','',#11,#1442);
#1831 = PRODUCT_DEFINITION_SHAPE('Placement','Placement of an item',
  #1832);
#1832 = NEXT_ASSEMBLY_USAGE_OCCURRENCE('4','=>[0:1:1:6]','',#1436,#1487,
  $);
#1833 = PRODUCT_RELATED_PRODUCT_CATEGORY('part',$,(#1489));
#1834 = SHAPE_DEFINITION_REPRESENTATION(#1835,#1841);
#1835 = PRODUCT_DEFINITION_SHAPE('','',#1836);
#1836 = PRODUCT_DEFINITION('design','',#1837,#1840);
#1837 = PRODUCT_DEFINITION_FORMATION('','',#1838);
#1838 = PRODUCT('SOLID','SOLID','',(#1839));
#1839 = PRODUCT_CONTEXT('',#2,'mechanical');
#1840 = PRODUCT_DEFINITION_CONTEXT('part definition',#2,'design');
#1841 = ADVANCED_BREP_SHAPE_REPRESENTATION('',(#11,#1842),#1940);
#1842 = MANIFOLD_SOLID_BREP('',#1843);
#1843 = CLOSED_SHELL('',(#1844,#1932,#1936));
#1844 = ADVANCED_FACE('',(#1845),#1858,.T.);
#1845 = FACE_BOUND('',#1846,.T.);
#1846 = EDGE_LOOP('',(#1847,#1881,#1904,#1931));
#1847 = ORIENTED_EDGE('',*,*,#1848,.F.);
#1848 = EDGE_CURVE('',#1849,#1849,#1851,.T.);
#1849 = VERTEX_POINT('',#1850);
#1850 = CARTESIAN_POINT('',(1.5,-3.673940397442E-16,6.));
#1851 = SURFACE_CURVE('',#1852,(#1857,#1869),.PCURVE_S1.);
#1852 = CIRCLE('',#1853,1.5);
#1853 = AXIS2_PLACEMENT_3D('',#1854,#1855,#1856);
#1854 = CARTESIAN_POINT('',(0.,0.,6.));
#1855 = DIRECTION('',(0.,0.,1.));
#1856 = DIRECTION('',(1.,0.,-0.));
#1857 = PCURVE('',#1858,#1863);
#1858 = CYLINDRICAL_SURFACE('',#1859,1.5);
#1859 = AXIS2_PLACEMENT_3D('',#1860,#1861,#1862);
#1860 = CARTESIAN_POINT('',(0.,0.,0.));
#1861 = DIRECTION('',(0.,0.,1.));
#1862 = DIRECTION('',(1.,0.,-0.));
#1863 = DEFINITIONAL_REPRESENTATION('',(#1864),#1868);
#1864 = LINE('',#1865,#1866);
#1865 = CARTESIAN_POINT('',(0.,6.));
#1866 = VECTOR('',#1867,1.);
#1867 = DIRECTION('',(1.,0.));
#1868 = ( GEOMETRIC_REPRESENTATION_CONTEXT(2) 
PARAMETRIC_REPRESENTATION_CONTEXT() REPRESENTATION_CONTEXT('2D SPACE',''
  ) );
#1869 = PCURVE('',#1870,#1875);
#1870 = PLANE('',#1871);
#1871 = AXIS2_PLACEMENT_3D('',#1872,#1873,#1874);
#1872 = CARTESIAN_POINT('',(0.,0.,6.));
#1873 = DIRECTION('',(0.,0.,1.));
#1874 = DIRECTION('',(1.,0.,-0.));
#1875 = DEFINITIONAL_REPRESENTATION('',(#1876),#1880);
#1876 = CIRCLE('',#1877,1.5);
#1877 = AXIS2_PLACEMENT_2D('',#1878,#1879);
#1878 = CARTESIAN_POINT('',(0.,0.));
#1879 = DIRECTION('',(1.,0.));
#1880 = ( GEOMETRIC_REPRESENTATION_CONTEXT(2) 
PARAMETRIC_REPRESENTATION_CONTEXT() REPRESENTATION_CONTEXT('2D SPACE',''
  ) );
#1881 = ORIENTED_EDGE('',*,*,#1882,.F.);
#1882 = EDGE_CURVE('',#1883,#1849,#1885,.T.);
#1883 = VERTEX_POINT('',#1884);
#1884 = CARTESIAN_POINT('',(1.5,-3.673940397442E-16,0.));
#1885 = SEAM_CURVE('',#1886,(#1890,#1897),.PCURVE_S1.);
#1886 = LINE('',#1887,#1888);
#1887 = CARTESIAN_POINT('',(1.5,-3.673940397442E-16,0.));
#1888 = VECTOR('',#1889,1.);
#1889 = DIRECTION('',(0.,0.,1.));
#1890 = PCURVE('',#1858,#1891);
#1891 = DEFINITIONAL_REPRESENTATION('',(#1892),#1896);
#1892 = LINE('',#1893,#1894);
#1893 = CARTESIAN_POINT('',(6.28318530718,-0.));
#1894 = VECTOR('',#1895,1.);
#1895 = DIRECTION('',(0.,1.));
#1896 = ( GEOMETRIC_REPRESENTATION_CONTEXT(2) 
PARAMETRIC_REPRESENTATION_CONTEXT() REPRESENTATION_CONTEXT('2D SPACE',''
  ) );
#1897 = PCURVE('',#1858,#1898);
#1898 = DEFINITIONAL_REPRESENTATION('',(#1899),#1903);
#1899 = LINE('',#1900,#1901);
#1900 = CARTESIAN_POINT('',(0.,-0.));
#1901 = VECTOR('',#1902,1.);
#1902 = DIRECTION('',(0.,1.));
#1903 = ( GEOMETRIC_REPRESENTATION_CONTEXT(2) 
PARAMETRIC_REPRESENTATION_CONTEXT() REPRESENTATION_CONTEXT('2D SPACE',''
  ) );
#1904 = ORIENTED_EDGE('',*,*,#1905,.T.);
#1905 = EDGE_CURVE('',#1883,#1883,#1906,.T.);
#1906 = SURFACE_CURVE('',#1907,(#1912,#1919),.PCURVE_S1.);
#1907 = CIRCLE('',#1908,1.5);
#1908 = AXIS2_PLACEMENT_3D('',#1909,#1910,#1911);
#1909 = CARTESIAN_POINT('',(0.,0.,0.));
#1910 = DIRECTION('',(0.,0.,1.));
#1911 = DIRECTION('',(1.,0.,-0.));
#1912 = PCURVE('',#1858,#1913);
#1913 = DEFINITIONAL_REPRESENTATION('',(#1914),#1918);
#1914 = LINE('',#1915,#1916);
#1915 = CARTESIAN_POINT('',(0.,0.));
#1916 = VECTOR('',#1917,1.);
#1917 = DIRECTION('',(1.,0.));
#1918 = ( GEOMETRIC_REPRESENTATION_CONTEXT(2) 
PARAMETRIC_REPRESENTATION_CONTEXT() REPRESENTATION_CONTEXT('2D SPACE',''
  ) );
#1919 = PCURVE('',#1920,#1925);
#1920 = PLANE('',#1921);
#1921 = AXIS2_PLACEMENT_3D('',#1922,#1923,#1924);
#1922 = CARTESIAN_POINT('',(0.,0.,0.));
#1923 = DIRECTION('',(0.,0.,1.));
#1924 = DIRECTION('',(1.,0.,-0.));
#1925 = DEFINITIONAL_REPRESENTATION('',(#1926),#1930);
#1926 = CIRCLE('',#1927,1.5);
#1927 = AXIS2_PLACEMENT_2D('',#1928,#1929);
#1928 = CARTESIAN_POINT('',(0.,0.));
#1929 = DIRECTION('',(1.,0.));
#1930 = ( GEOMETRIC_REPRESENTATION_CONTEXT(2) 
PARAMETRIC_REPRESENTATION_CONTEXT() REPRESENTATION_CONTEXT('2D SPACE',''
  ) );
#1931 = ORIENTED_EDGE('',*,*,#1882,.T.);
#1932 = ADVANCED_FACE('',(#1933),#1870,.T.);
#1933 = FACE_BOUND('',#1934,.T.);
#1934 = EDGE_LOOP('',(#1935));
#1935 = ORIENTED_EDGE('',*,*,#1848,.T.);
#1936 = ADVANCED_FACE('',(#1937),#1920,.F.);
#1937 = FACE_BOUND('',#1938,.T.);
#1938 = EDGE_LOOP('',(#1939));
#1939 = ORIENTED_EDGE('',*,*,#1905,.F.);
#1940 = ( GEOMETRIC_REPRESENTATION_CONTEXT(3) 
GLOBAL_UNCERTAINTY_ASSIGNED_CONTEXT((#1944)) 
GLOBAL_UNIT_ASSIGNED_CONTEXT((#1941,#1942,#1943)) REPRESENTATION_CONTEXT
('Context #1','3D Context with UNIT and UNCERTAINTY') );
#1941 = ( LENGTH_UNIT() NAMED_UNIT(*) SI_UNIT(.MILLI.,.METRE.) );
#1942 = ( NAMED_UNIT(*) PLANE_ANGLE_UNIT() SI_UNIT($,.RADIAN.) );
#1943 = ( NAMED_UNIT(*) SI_UNIT($,.STERADIAN.) SOLID_ANGLE_UNIT() );
#1944 = UNCERTAINTY_MEASURE_WITH_UNIT(LENGTH_MEASURE(1.E-07),#1941,
  'distance_accuracy_value','confusion accuracy');
#1945 = CONTEXT_DEPENDENT_SHAPE_REPRESENTATION(#1946,#1948);
#1946 = ( REPRESENTATION_RELATIONSHIP('','',#1841,#1441) 
REPRESENTATION_RELATIONSHIP_WITH_TRANSFORMATION(#1947) 
SHAPE_REPRESENTATION_RELATIONSHIP() );
#1947 = ITEM_DEFINED_TRANSFORMATION('','',#11,#1446);
#1948 = PRODUCT_DEFINITION_SHAPE('Placement','Placement of an item',
  #1949);
#1949 = NEXT_ASSEMBLY_USAGE_OCCURRENCE('5','=>[0:1:1:7]','',#1436,#1836,
  $);
#1950 = PRODUCT_RELATED_PRODUCT_CATEGORY('part',$,(#1838));
#1951 = CONTEXT_DEPENDENT_SHAPE_REPRESENTATION(#1952,#1954);
#1952 = ( REPRESENTATION_RELATIONSHIP('','',#1841,#1441) 
REPRESENTATION_RELATIONSHIP_WITH_TRANSFORMATION(#1953) 
SHAPE_REPRESENTATION_RELATIONSHIP() );
#1953 = ITEM_DEFINED_TRANSFORMATION('','',#11,#1450);
#1954 = PRODUCT_DEFINITION_SHAPE('Placement','Placement of an item',
  #1955);
#1955 = NEXT_ASSEMBLY_USAGE_OCCURRENCE('6','=>[0:1:1:7]','',#1436,#1836,
  $);
#1956 = CONTEXT_DEPENDENT_SHAPE_REPRESENTATION(#1957,#1959);
#1957 = ( REPRESENTATION_RELATIONSHIP('','',#1841,#1441) 
REPRESENTATION_RELATIONSHIP_WITH_TRANSFORMATION(#1958) 
SHAPE_REPRESENTATION_RELATIONSHIP() );
#1958 = ITEM_DEFINED_TRANSFORMATION('','',#11,#1454);
#1959 = PRODUCT_DEFINITION_SHAPE('Placement','Placement of an item',
  #1960);
#1960 = NEXT_ASSEMBLY_USAGE_OCCURRENCE('7','=>[0:1:1:7]','',#1436,#1836,
  $);
#1961 = CONTEXT_DEPENDENT_SHAPE_REPRESENTATION(#1962,#1964);
#1962 = ( REPRESENTATION_RELATIONSHIP('','',#1841,#1441) 
REPRESENTATION_RELATIONSHIP_WITH_TRANSFORMATION(#1963) 
SHAPE_REPRESENTATION_RELATIONSHIP() );
#1963 = ITEM_DEFINED_TRANSFORMATION('','',#11,#1458);
#1964 = PRODUCT_DEFINITION_SHAPE('Placement','Placement of an item',
  #1965);
#1965 = NEXT_ASSEMBLY_USAGE_OCCURRENCE('8','=>[0:1:1:7]','',#1436,#1836,
  $);
#1966 = CONTEXT_DEPENDENT_SHAPE_REPRESENTATION(#1967,#1969);
#1967 = ( REPRESENTATION_RELATIONSHIP('','',#1841,#1441) 
REPRESENTATION_RELATIONSHIP_WITH_TRANSFORMATION(#1968) 
SHAPE_REPRESENTATION_RELATIONSHIP() );
#1968 = ITEM_DEFINED_TRANSFORMATION('','',#11,#1462);
#1969 = PRODUCT_DEFINITION_SHAPE('Placement','Placement of an item',
  #1970);
#1970 = NEXT_ASSEMBLY_USAGE_OCCURRENCE('9','=>[0:1:1:7]','',#1436,#1836,
  $);
#1971 = CONTEXT_DEPENDENT_SHAPE_REPRESENTATION(#1972,#1974);
#1972 = ( REPRESENTATION_RELATIONSHIP('','',#1841,#1441) 
REPRESENTATION_RELATIONSHIP_WITH_TRANSFORMATION(#1973) 
SHAPE_REPRESENTATION_RELATIONSHIP() );
#1973 = ITEM_DEFINED_TRANSFORMATION('','',#11,#1466);
#1974 = PRODUCT_DEFINITION_SHAPE('Placement','Placement of an item',
  #1975);
#1975 = NEXT_ASSEMBLY_USAGE_OCCURRENCE('10','=>[0:1:1:7]','',#1436,#1836
  ,$);
#1976 = SHAPE_DEFINITION_REPRESENTATION(#1977,#1983);
#1977 = PRODUCT_DEFINITION_SHAPE('','',#1978);
#1978 = PRODUCT_DEFINITION('design','',#1979,#1982);
#1979 = PRODUCT_DEFINITION_FORMATION('','',#1980);
#1980 = PRODUCT('SOLID','SOLID','',(#1981));
#1981 = PRODUCT_CONTEXT('',#2,'mechanical');
#1982 = PRODUCT_DEFINITION_CONTEXT('part definition',#2,'design');
#1983 = ADVANCED_BREP_SHAPE_REPRESENTATION('',(#11,#1984),#2166);
#1984 = MANIFOLD_SOLID_BREP('',#1985);
#1985 = CLOSED_SHELL('',(#1986,#2074,#2152,#2159));
#1986 = ADVANCED_FACE('',(#1987),#2001,.T.);
#1987 = FACE_BOUND('',#1988,.F.);
#1988 = EDGE_LOOP('',(#1989,#2019,#2046,#2047));
#1989 = ORIENTED_EDGE('',*,*,#1990,.T.);
#1990 = EDGE_CURVE('',#1991,#1993,#1995,.T.);
#1991 = VERTEX_POINT('',#1992);
#1992 = CARTESIAN_POINT('',(43.85,0.,0.));
#1993 = VERTEX_POINT('',#1994);
#1994 = CARTESIAN_POINT('',(43.85,0.,10.));
#1995 = SEAM_CURVE('',#1996,(#2000,#2012),.PCURVE_S1.);
#1996 = LINE('',#1997,#1998);
#1997 = CARTESIAN_POINT('',(43.85,0.,0.));
#1998 = VECTOR('',#1999,1.);
#1999 = DIRECTION('',(0.,0.,1.));
#2000 = PCURVE('',#2001,#2006);
#2001 = CYLINDRICAL_SURFACE('',#2002,43.85);
#2002 = AXIS2_PLACEMENT_3D('',#2003,#2004,#2005);
#2003 = CARTESIAN_POINT('',(0.,0.,0.));
#2004 = DIRECTION('',(-0.,-0.,-1.));
#2005 = DIRECTION('',(1.,0.,0.));
#2006 = DEFINITIONAL_REPRESENTATION('',(#2007),#2011);
#2007 = LINE('',#2008,#2009);
#2008 = CARTESIAN_POINT('',(-0.,0.));
#2009 = VECTOR('',#2010,1.);
#2010 = DIRECTION('',(-0.,-1.));
#2011 = ( GEOMETRIC_REPRESENTATION_CONTEXT(2) 
PARAMETRIC_REPRESENTATION_CONTEXT() REPRESENTATION_CONTEXT('2D SPACE',''
  ) );
#2012 = PCURVE('',#2001,#2013);
#2013 = DEFINITIONAL_REPRESENTATION('',(#2014),#2018);
#2014 = LINE('',#2015,#2016);
#2015 = CARTESIAN_POINT('',(-6.28318530718,0.));
#2016 = VECTOR('',#2017,1.);
#2017 = DIRECTION('',(-0.,-1.));
#2018 = ( GEOMETRIC_REPRESENTATION_CONTEXT(2) 
PARAMETRIC_REPRESENTATION_CONTEXT() REPRESENTATION_CONTEXT('2D SPACE',''
  ) );
#2019 = ORIENTED_EDGE('',*,*,#2020,.T.);
#2020 = EDGE_CURVE('',#1993,#1993,#2021,.T.);
#2021 = SURFACE_CURVE('',#2022,(#2027,#2034),.PCURVE_S1.);
#2022 = CIRCLE('',#2023,43.85);
#2023 = AXIS2_PLACEMENT_3D('',#2024,#2025,#2026);
#2024 = CARTESIAN_POINT('',(0.,0.,10.));
#2025 = DIRECTION('',(0.,0.,1.));
#2026 = DIRECTION('',(1.,0.,0.));
#2027 = PCURVE('',#2001,#2028);
#2028 = DEFINITIONAL_REPRESENTATION('',(#2029),#2033);
#2029 = LINE('',#2030,#2031);
#2030 = CARTESIAN_POINT('',(-0.,-10.));
#2031 = VECTOR('',#2032,1.);
#2032 = DIRECTION('',(-1.,0.));
#2033 = ( GEOMETRIC_REPRESENTATION_CONTEXT(2) 
PARAMETRIC_REPRESENTATION_CONTEXT() REPRESENTATION_CONTEXT('2D SPACE',''
  ) );
#2034 = PCURVE('',#2035,#2040);
#2035 = PLANE('',#2036);
#2036 = AXIS2_PLACEMENT_3D('',#2037,#2038,#2039);
#2037 = CARTESIAN_POINT('',(-2.99371157865E-15,2.05782314346E-16,10.));
#2038 = DIRECTION('',(0.,0.,1.));
#2039 = DIRECTION('',(1.,0.,0.));
#2040 = DEFINITIONAL_REPRESENTATION('',(#2041),#2045);
#2041 = CIRCLE('',#2042,43.85);
#2042 = AXIS2_PLACEMENT_2D('',#2043,#2044);
#2043 = CARTESIAN_POINT('',(2.99371157865E-15,-2.05782314346E-16));
#2044 = DIRECTION('',(1.,0.));
#2045 = ( GEOMETRIC_REPRESENTATION_CONTEXT(2) 
PARAMETRIC_REPRESENTATION_CONTEXT() REPRESENTATION_CONTEXT('2D SPACE',''
  ) );
#2046 = ORIENTED_EDGE('',*,*,#1990,.F.);
#2047 = ORIENTED_EDGE('',*,*,#2048,.F.);
#2048 = EDGE_CURVE('',#1991,#1991,#2049,.T.);
#2049 = SURFACE_CURVE('',#2050,(#2055,#2062),.PCURVE_S1.);
#2050 = CIRCLE('',#2051,43.85);
#2051 = AXIS2_PLACEMENT_3D('',#2052,#2053,#2054);
#2052 = CARTESIAN_POINT('',(0.,0.,0.));
#2053 = DIRECTION('',(0.,0.,1.));
#2054 = DIRECTION('',(1.,0.,0.));
#2055 = PCURVE('',#2001,#2056);
#2056 = DEFINITIONAL_REPRESENTATION('',(#2057),#2061);
#2057 = LINE('',#2058,#2059);
#2058 = CARTESIAN_POINT('',(-0.,0.));
#2059 = VECTOR('',#2060,1.);
#2060 = DIRECTION('',(-1.,0.));
#2061 = ( GEOMETRIC_REPRESENTATION_CONTEXT(2) 
PARAMETRIC_REPRESENTATION_CONTEXT() REPRESENTATION_CONTEXT('2D SPACE',''
  ) );
#2062 = PCURVE('',#2063,#2068);
#2063 = PLANE('',#2064);
#2064 = AXIS2_PLACEMENT_3D('',#2065,#2066,#2067);
#2065 = CARTESIAN_POINT('',(-2.99371157865E-15,2.05782314346E-16,0.));
#2066 = DIRECTION('',(0.,0.,1.));
#2067 = DIRECTION('',(1.,0.,0.));
#2068 = DEFINITIONAL_REPRESENTATION('',(#2069),#2073);
#2069 = CIRCLE('',#2070,43.85);
#2070 = AXIS2_PLACEMENT_2D('',#2071,#2072);
#2071 = CARTESIAN_POINT('',(2.99371157865E-15,-2.05782314346E-16));
#2072 = DIRECTION('',(1.,0.));
#2073 = ( GEOMETRIC_REPRESENTATION_CONTEXT(2) 
PARAMETRIC_REPRESENTATION_CONTEXT() REPRESENTATION_CONTEXT('2D SPACE',''
  ) );
#2074 = ADVANCED_FACE('',(#2075),#2089,.F.);
#2075 = FACE_BOUND('',#2076,.T.);
#2076 = EDGE_LOOP('',(#2077,#2107,#2129,#2130));
#2077 = ORIENTED_EDGE('',*,*,#2078,.T.);
#2078 = EDGE_CURVE('',#2079,#2081,#2083,.T.);
#2079 = VERTEX_POINT('',#2080);
#2080 = CARTESIAN_POINT('',(40.85,0.,0.));
#2081 = VERTEX_POINT('',#2082);
#2082 = CARTESIAN_POINT('',(40.85,0.,10.));
#2083 = SEAM_CURVE('',#2084,(#2088,#2100),.PCURVE_S1.);
#2084 = LINE('',#2085,#2086);
#2085 = CARTESIAN_POINT('',(40.85,0.,0.));
#2086 = VECTOR('',#2087,1.);
#2087 = DIRECTION('',(0.,0.,1.));
#2088 = PCURVE('',#2089,#2094);
#2089 = CYLINDRICAL_SURFACE('',#2090,40.85);
#2090 = AXIS2_PLACEMENT_3D('',#2091,#2092,#2093);
#2091 = CARTESIAN_POINT('',(0.,0.,0.));
#2092 = DIRECTION('',(-0.,-0.,-1.));
#2093 = DIRECTION('',(1.,0.,0.));
#2094 = DEFINITIONAL_REPRESENTATION('',(#2095),#2099);
#2095 = LINE('',#2096,#2097);
#2096 = CARTESIAN_POINT('',(-0.,0.));
#2097 = VECTOR('',#2098,1.);
#2098 = DIRECTION('',(-0.,-1.));
#2099 = ( GEOMETRIC_REPRESENTATION_CONTEXT(2) 
PARAMETRIC_REPRESENTATION_CONTEXT() REPRESENTATION_CONTEXT('2D SPACE',''
  ) );
#2100 = PCURVE('',#2089,#2101);
#2101 = DEFINITIONAL_REPRESENTATION('',(#2102),#2106);
#2102 = LINE('',#2103,#2104);
#2103 = CARTESIAN_POINT('',(-6.28318530718,0.));
#2104 = VECTOR('',#2105,1.);
#2105 = DIRECTION('',(-0.,-1.));
#2106 = ( GEOMETRIC_REPRESENTATION_CONTEXT(2) 
PARAMETRIC_REPRESENTATION_CONTEXT() REPRESENTATION_CONTEXT('2D SPACE',''
  ) );
#2107 = ORIENTED_EDGE('',*,*,#2108,.T.);
#2108 = EDGE_CURVE('',#2081,#2081,#2109,.T.);
#2109 = SURFACE_CURVE('',#2110,(#2115,#2122),.PCURVE_S1.);
#2110 = CIRCLE('',#2111,40.85);
#2111 = AXIS2_PLACEMENT_3D('',#2112,#2113,#2114);
#2112 = CARTESIAN_POINT('',(0.,0.,10.));
#2113 = DIRECTION('',(0.,0.,1.));
#2114 = DIRECTION('',(1.,0.,0.));
#2115 = PCURVE('',#2089,#2116);
#2116 = DEFINITIONAL_REPRESENTATION('',(#2117),#2121);
#2117 = LINE('',#2118,#2119);
#2118 = CARTESIAN_POINT('',(-0.,-10.));
#2119 = VECTOR('',#2120,1.);
#2120 = DIRECTION('',(-1.,0.));
#2121 = ( GEOMETRIC_REPRESENTATION_CONTEXT(2) 
PARAMETRIC_REPRESENTATION_CONTEXT() REPRESENTATION_CONTEXT('2D SPACE',''
  ) );
#2122 = PCURVE('',#2035,#2123);
#2123 = DEFINITIONAL_REPRESENTATION('',(#2124),#2128);
#2124 = CIRCLE('',#2125,40.85);
#2125 = AXIS2_PLACEMENT_2D('',#2126,#2127);
#2126 = CARTESIAN_POINT('',(2.99371157865E-15,-2.05782314346E-16));
#2127 = DIRECTION('',(1.,0.));
#2128 = ( GEOMETRIC_REPRESENTATION_CONTEXT(2) 
PARAMETRIC_REPRESENTATION_CONTEXT() REPRESENTATION_CONTEXT('2D SPACE',''
  ) );
#2129 = ORIENTED_EDGE('',*,*,#2078,.F.);
#2130 = ORIENTED_EDGE('',*,*,#2131,.F.);
#2131 = EDGE_CURVE('',#2079,#2079,#2132,.T.);
#2132 = SURFACE_CURVE('',#2133,(#2138,#2145),.PCURVE_S1.);
#2133 = CIRCLE('',#2134,40.85);
#2134 = AXIS2_PLACEMENT_3D('',#2135,#2136,#2137);
#2135 = CARTESIAN_POINT('',(0.,0.,0.));
#2136 = DIRECTION('',(0.,0.,1.));
#2137 = DIRECTION('',(1.,0.,0.));
#2138 = PCURVE('',#2089,#2139);
#2139 = DEFINITIONAL_REPRESENTATION('',(#2140),#2144);
#2140 = LINE('',#2141,#2142);
#2141 = CARTESIAN_POINT('',(-0.,0.));
#2142 = VECTOR('',#2143,1.);
#2143 = DIRECTION('',(-1.,0.));
#2144 = ( GEOMETRIC_REPRESENTATION_CONTEXT(2) 
PARAMETRIC_REPRESENTATION_CONTEXT() REPRESENTATION_CONTEXT('2D SPACE',''
  ) );
#2145 = PCURVE('',#2063,#2146);
#2146 = DEFINITIONAL_REPRESENTATION('',(#2147),#2151);
#2147 = CIRCLE('',#2148,40.85);
#2148 = AXIS2_PLACEMENT_2D('',#2149,#2150);
#2149 = CARTESIAN_POINT('',(2.99371157865E-15,-2.05782314346E-16));
#2150 = DIRECTION('',(1.,0.));
#2151 = ( GEOMETRIC_REPRESENTATION_CONTEXT(2) 
PARAMETRIC_REPRESENTATION_CONTEXT() REPRESENTATION_CONTEXT('2D SPACE',''
  ) );
#2152 = ADVANCED_FACE('',(#2153,#2156),#2063,.F.);
#2153 = FACE_BOUND('',#2154,.F.);
#2154 = EDGE_LOOP('',(#2155));
#2155 = ORIENTED_EDGE('',*,*,#2048,.T.);
#2156 = FACE_BOUND('',#2157,.F.);
#2157 = EDGE_LOOP('',(#2158));
#2158 = ORIENTED_EDGE('',*,*,#2131,.F.);
#2159 = ADVANCED_FACE('',(#2160,#2163),#2035,.T.);
#2160 = FACE_BOUND('',#2161,.T.);
#2161 = EDGE_LOOP('',(#2162));
#2162 = ORIENTED_EDGE('',*,*,#2020,.T.);
#2163 = FACE_BOUND('',#2164,.T.);
#2164 = EDGE_LOOP('',(#2165));
#2165 = ORIENTED_EDGE('',*,*,#2108,.F.);
#2166 = ( GEOMETRIC_REPRESENTATION_CONTEXT(3) 
GLOBAL_UNCERTAINTY_ASSIGNED_CONTEXT((#2170)) 
GLOBAL_UNIT_ASSIGNED_CONTEXT((#2167,#2168,#2169)) REPRESENTATION_CONTEXT
('Context #1','3D Context with UNIT and UNCERTAINTY') );
#2167 = ( LENGTH_UNIT() NAMED_UNIT(*) SI_UNIT(.MILLI.,.METRE.) );
#2168 = ( NAMED_UNIT(*) PLANE_ANGLE_UNIT() SI_UNIT($,.RADIAN.) );
#2169 = ( NAMED_UNIT(*) SI_UNIT($,.STERADIAN.) SOLID_ANGLE_UNIT() );
#2170 = UNCERTAINTY_MEASURE_WITH_UNIT(LENGTH_MEASURE(1.E-07),#2167,
  'distance_accuracy_value','confusion accuracy');
#2171 = CONTEXT_DEPENDENT_SHAPE_REPRESENTATION(#2172,#2174);
#2172 = ( REPRESENTATION_RELATIONSHIP('','',#1983,#1441) 
REPRESENTATION_RELATIONSHIP_WITH_TRANSFORMATION(#2173) 
SHAPE_REPRESENTATION_RELATIONSHIP() );
#2173 = ITEM_DEFINED_TRANSFORMATION('','',#11,#1470);
#2174 = PRODUCT_DEFINITION_SHAPE('Placement','Placement of an item',
  #2175);
#2175 = NEXT_ASSEMBLY_USAGE_OCCURRENCE('11','=>[0:1:1:8]','',#1436,#1978
  ,$);
#2176 = PRODUCT_RELATED_PRODUCT_CATEGORY('part',$,(#1980));
#2177 = SHAPE_DEFINITION_REPRESENTATION(#2178,#2184);
#2178 = PRODUCT_DEFINITION_SHAPE('','',#2179);
#2179 = PRODUCT_DEFINITION('design','',#2180,#2183);
#2180 = PRODUCT_DEFINITION_FORMATION('','',#2181);
#2181 = PRODUCT('ASSEMBLY','ASSEMBLY','',(#2182));
#2182 = PRODUCT_CONTEXT('',#2,'mechanical');
#2183 = PRODUCT_DEFINITION_CONTEXT('part definition',#2,'design');
#2184 = SHAPE_REPRESENTATION('',(#11,#2185,#2189,#2193,#2197,#2201),
  #2205);
#2185 = AXIS2_PLACEMENT_3D('',#2186,#2187,#2188);
#2186 = CARTESIAN_POINT('',(0.,0.,0.));
#2187 = DIRECTION('',(0.,0.,1.));
#2188 = DIRECTION('',(1.,0.,-0.));
#2189 = AXIS2_PLACEMENT_3D('',#2190,#2191,#2192);
#2190 = CARTESIAN_POINT('',(46.6,0.,-21.6));
#2191 = DIRECTION('',(1.,-0.,0.));
#2192 = DIRECTION('',(0.,0.,-1.));
#2193 = AXIS2_PLACEMENT_3D('',#2194,#2195,#2196);
#2194 = CARTESIAN_POINT('',(-26.6,0.,-21.6));
#2195 = DIRECTION('',(1.,-0.,0.));
#2196 = DIRECTION('',(0.,0.,-1.));
#2197 = AXIS2_PLACEMENT_3D('',#2198,#2199,#2200);
#2198 = CARTESIAN_POINT('',(46.6,0.,51.6));
#2199 = DIRECTION('',(1.,-0.,0.));
#2200 = DIRECTION('',(0.,0.,-1.));
#2201 = AXIS2_PLACEMENT_3D('',#2202,#2203,#2204);
#2202 = CARTESIAN_POINT('',(-26.6,0.,51.6));
#2203 = DIRECTION('',(1.,-0.,0.));
#2204 = DIRECTION('',(0.,0.,-1.));
#2205 = ( GEOMETRIC_REPRESENTATION_CONTEXT(3) 
GLOBAL_UNCERTAINTY_ASSIGNED_CONTEXT((#2209)) 
GLOBAL_UNIT_ASSIGNED_CONTEXT((#2206,#2207,#2208)) REPRESENTATION_CONTEXT
('Context #1','3D Context with UNIT and UNCERTAINTY') );
#2206 = ( LENGTH_UNIT() NAMED_UNIT(*) SI_UNIT(.MILLI.,.METRE.) );
#2207 = ( NAMED_UNIT(*) PLANE_ANGLE_UNIT() SI_UNIT($,.RADIAN.) );
#2208 = ( NAMED_UNIT(*) SI_UNIT($,.STERADIAN.) SOLID_ANGLE_UNIT() );
#2209 = UNCERTAINTY_MEASURE_WITH_UNIT(LENGTH_MEASURE(1.E-07),#2206,
  'distance_accuracy_value','confusion accuracy');
#2210 = CONTEXT_DEPENDENT_SHAPE_REPRESENTATION(#2211,#2213);
#2211 = ( REPRESENTATION_RELATIONSHIP('','',#2184,#10) 
REPRESENTATION_RELATIONSHIP_WITH_TRANSFORMATION(#2212) 
SHAPE_REPRESENTATION_RELATIONSHIP() );
#2212 = ITEM_DEFINED_TRANSFORMATION('','',#11,#23);
#2213 = PRODUCT_DEFINITION_SHAPE('Placement','Placement of an item',
  #2214);
#2214 = NEXT_ASSEMBLY_USAGE_OCCURRENCE('18','=>[0:1:1:9]','',#5,#2179,$
  );
#2215 = PRODUCT_RELATED_PRODUCT_CATEGORY('part',$,(#2181));
#2216 = SHAPE_DEFINITION_REPRESENTATION(#2217,#2223);
#2217 = PRODUCT_DEFINITION_SHAPE('','',#2218);
#2218 = PRODUCT_DEFINITION('design','',#2219,#2222);
#2219 = PRODUCT_DEFINITION_FORMATION('','',#2220);
#2220 = PRODUCT('SOLID','SOLID','',(#2221));
#2221 = PRODUCT_CONTEXT('',#2,'mechanical');
#2222 = PRODUCT_DEFINITION_CONTEXT('part definition',#2,'design');
#2223 = ADVANCED_BREP_SHAPE_REPRESENTATION('',(#11,#2224),#3270);
#2224 = MANIFOLD_SOLID_BREP('',#2225);
#2225 = CLOSED_SHELL('',(#2226,#2343,#2373,#2678,#2683,#2718,#2745,#2773
    ,#2779,#2809,#3142,#3173,#3205,#3211,#3260,#3265));
#2226 = ADVANCED_FACE('',(#2227),#2242,.T.);
#2227 = FACE_BOUND('',#2228,.T.);
#2228 = EDGE_LOOP('',(#2229,#2265,#2291,#2324));
#2229 = ORIENTED_EDGE('',*,*,#2230,.T.);
#2230 = EDGE_CURVE('',#2231,#2233,#2235,.T.);
#2231 = VERTEX_POINT('',#2232);
#2232 = CARTESIAN_POINT('',(-36.07267759562,-1.404254635687,10.));
#2233 = VERTEX_POINT('',#2234);
#2234 = CARTESIAN_POINT('',(-36.07267759562,1.404254635687,10.));
#2235 = SURFACE_CURVE('',#2236,(#2241,#2253),.PCURVE_S1.);
#2236 = CIRCLE('',#2237,1.5);
#2237 = AXIS2_PLACEMENT_3D('',#2238,#2239,#2240);
#2238 = CARTESIAN_POINT('',(-36.6,0.,10.));
#2239 = DIRECTION('',(0.,0.,1.));
#2240 = DIRECTION('',(0.351548269581,-0.936169757125,0.));
#2241 = PCURVE('',#2242,#2247);
#2242 = CYLINDRICAL_SURFACE('',#2243,1.5);
#2243 = AXIS2_PLACEMENT_3D('',#2244,#2245,#2246);
#2244 = CARTESIAN_POINT('',(-36.6,0.,10.));
#2245 = DIRECTION('',(0.,0.,1.));
#2246 = DIRECTION('',(1.,0.,0.));
#2247 = DEFINITIONAL_REPRESENTATION('',(#2248),#2252);
#2248 = LINE('',#2249,#2250);
#2249 = CARTESIAN_POINT('',(5.071613405771,0.));
#2250 = VECTOR('',#2251,1.);
#2251 = DIRECTION('',(1.,0.));
#2252 = ( GEOMETRIC_REPRESENTATION_CONTEXT(2) 
PARAMETRIC_REPRESENTATION_CONTEXT() REPRESENTATION_CONTEXT('2D SPACE',''
  ) );
#2253 = PCURVE('',#2254,#2259);
#2254 = PLANE('',#2255);
#2255 = AXIS2_PLACEMENT_3D('',#2256,#2257,#2258);
#2256 = CARTESIAN_POINT('',(-36.6,0.,10.));
#2257 = DIRECTION('',(0.,0.,1.));
#2258 = DIRECTION('',(1.,0.,0.));
#2259 = DEFINITIONAL_REPRESENTATION('',(#2260),#2264);
#2260 = CIRCLE('',#2261,1.5);
#2261 = AXIS2_PLACEMENT_2D('',#2262,#2263);
#2262 = CARTESIAN_POINT('',(0.,0.));
#2263 = DIRECTION('',(0.351548269581,-0.936169757125));
#2264 = ( GEOMETRIC_REPRESENTATION_CONTEXT(2) 
PARAMETRIC_REPRESENTATION_CONTEXT() REPRESENTATION_CONTEXT('2D SPACE',''
  ) );
#2265 = ORIENTED_EDGE('',*,*,#2266,.F.);
#2266 = EDGE_CURVE('',#2267,#2233,#2269,.T.);
#2267 = VERTEX_POINT('',#2268);
#2268 = CARTESIAN_POINT('',(-36.07267759562,1.404254635687,20.));
#2269 = SURFACE_CURVE('',#2270,(#2274,#2280),.PCURVE_S1.);
#2270 = LINE('',#2271,#2272);
#2271 = CARTESIAN_POINT('',(-36.07267759562,1.404254635687,0.));
#2272 = VECTOR('',#2273,1.);
#2273 = DIRECTION('',(-0.,-0.,-1.));
#2274 = PCURVE('',#2242,#2275);
#2275 = DEFINITIONAL_REPRESENTATION('',(#2276),#2279);
#2276 = B_SPLINE_CURVE_WITH_KNOTS('',1,(#2277,#2278),.UNSPECIFIED.,.F.,
  .F.,(2,2),(-20.,-10.),.PIECEWISE_BEZIER_KNOTS.);
#2277 = CARTESIAN_POINT('',(7.494757208588,10.));
#2278 = CARTESIAN_POINT('',(7.494757208588,0.));
#2279 = ( GEOMETRIC_REPRESENTATION_CONTEXT(2) 
PARAMETRIC_REPRESENTATION_CONTEXT() REPRESENTATION_CONTEXT('2D SPACE',''
  ) );
#2280 = PCURVE('',#2281,#2286);
#2281 = CYLINDRICAL_SURFACE('',#2282,36.1);
#2282 = AXIS2_PLACEMENT_3D('',#2283,#2284,#2285);
#2283 = CARTESIAN_POINT('',(0.,0.,0.));
#2284 = DIRECTION('',(-0.,-0.,-1.));
#2285 = DIRECTION('',(1.,0.,0.));
#2286 = DEFINITIONAL_REPRESENTATION('',(#2287),#2290);
#2287 = B_SPLINE_CURVE_WITH_KNOTS('',1,(#2288,#2289),.UNSPECIFIED.,.F.,
  .F.,(2,2),(-20.0000006,-9.9999994),.PIECEWISE_BEZIER_KNOTS.);
#2288 = CARTESIAN_POINT('',(-3.102683816621,-20.0000006));
#2289 = CARTESIAN_POINT('',(-3.102683816621,-9.9999994));
#2290 = ( GEOMETRIC_REPRESENTATION_CONTEXT(2) 
PARAMETRIC_REPRESENTATION_CONTEXT() REPRESENTATION_CONTEXT('2D SPACE',''
  ) );
#2291 = ORIENTED_EDGE('',*,*,#2292,.T.);
#2292 = EDGE_CURVE('',#2267,#2293,#2295,.T.);
#2293 = VERTEX_POINT('',#2294);
#2294 = CARTESIAN_POINT('',(-36.07267759562,-1.404254635687,20.));
#2295 = SURFACE_CURVE('',#2296,(#2301,#2308),.PCURVE_S1.);
#2296 = CIRCLE('',#2297,1.5);
#2297 = AXIS2_PLACEMENT_3D('',#2298,#2299,#2300);
#2298 = CARTESIAN_POINT('',(-36.6,0.,20.));
#2299 = DIRECTION('',(0.,0.,-1.));
#2300 = DIRECTION('',(0.351548269581,0.936169757125,0.));
#2301 = PCURVE('',#2242,#2302);
#2302 = DEFINITIONAL_REPRESENTATION('',(#2303),#2307);
#2303 = LINE('',#2304,#2305);
#2304 = CARTESIAN_POINT('',(7.494757208588,10.));
#2305 = VECTOR('',#2306,1.);
#2306 = DIRECTION('',(-1.,-0.));
#2307 = ( GEOMETRIC_REPRESENTATION_CONTEXT(2) 
PARAMETRIC_REPRESENTATION_CONTEXT() REPRESENTATION_CONTEXT('2D SPACE',''
  ) );
#2308 = PCURVE('',#2309,#2314);
#2309 = PLANE('',#2310);
#2310 = AXIS2_PLACEMENT_3D('',#2311,#2312,#2313);
#2311 = CARTESIAN_POINT('',(-36.6,0.,20.));
#2312 = DIRECTION('',(0.,0.,1.));
#2313 = DIRECTION('',(1.,0.,0.));
#2314 = DEFINITIONAL_REPRESENTATION('',(#2315),#2323);
#2315 = ( BOUNDED_CURVE() B_SPLINE_CURVE(2,(#2316,#2317,#2318,#2319,
#2320,#2321,#2322),.UNSPECIFIED.,.T.,.F.) B_SPLINE_CURVE_WITH_KNOTS((1,2
    ,2,2,2,1),(-2.094395102393,0.,2.094395102393,4.188790204786,
6.28318530718,8.377580409573),.UNSPECIFIED.) CURVE() 
GEOMETRIC_REPRESENTATION_ITEM() RATIONAL_B_SPLINE_CURVE((1.,0.5,1.,0.5,
1.,0.5,1.)) REPRESENTATION_ITEM('') );
#2316 = CARTESIAN_POINT('',(0.527322404372,1.404254635687));
#2317 = CARTESIAN_POINT('',(2.959562780145,0.490905439346));
#2318 = CARTESIAN_POINT('',(0.952458985701,-1.158801916014));
#2319 = CARTESIAN_POINT('',(-1.054644808743,-2.808509271374));
#2320 = CARTESIAN_POINT('',(-1.479781390073,-0.245452719673));
#2321 = CARTESIAN_POINT('',(-1.904917971402,2.317603832028));
#2322 = CARTESIAN_POINT('',(0.527322404372,1.404254635687));
#2323 = ( GEOMETRIC_REPRESENTATION_CONTEXT(2) 
PARAMETRIC_REPRESENTATION_CONTEXT() REPRESENTATION_CONTEXT('2D SPACE',''
  ) );
#2324 = ORIENTED_EDGE('',*,*,#2325,.T.);
#2325 = EDGE_CURVE('',#2293,#2231,#2326,.T.);
#2326 = SURFACE_CURVE('',#2327,(#2331,#2337),.PCURVE_S1.);
#2327 = LINE('',#2328,#2329);
#2328 = CARTESIAN_POINT('',(-36.07267759562,-1.404254635687,0.));
#2329 = VECTOR('',#2330,1.);
#2330 = DIRECTION('',(-0.,-0.,-1.));
#2331 = PCURVE('',#2242,#2332);
#2332 = DEFINITIONAL_REPRESENTATION('',(#2333),#2336);
#2333 = B_SPLINE_CURVE_WITH_KNOTS('',1,(#2334,#2335),.UNSPECIFIED.,.F.,
  .F.,(2,2),(-20.,-10.),.PIECEWISE_BEZIER_KNOTS.);
#2334 = CARTESIAN_POINT('',(5.071613405771,10.));
#2335 = CARTESIAN_POINT('',(5.071613405771,0.));
#2336 = ( GEOMETRIC_REPRESENTATION_CONTEXT(2) 
PARAMETRIC_REPRESENTATION_CONTEXT() REPRESENTATION_CONTEXT('2D SPACE',''
  ) );
#2337 = PCURVE('',#2281,#2338);
#2338 = DEFINITIONAL_REPRESENTATION('',(#2339),#2342);
#2339 = B_SPLINE_CURVE_WITH_KNOTS('',1,(#2340,#2341),.UNSPECIFIED.,.F.,
  .F.,(2,2),(-20.0000006,-9.9999994),.PIECEWISE_BEZIER_KNOTS.);
#2340 = CARTESIAN_POINT('',(-3.180501490558,-20.0000006));
#2341 = CARTESIAN_POINT('',(-3.180501490558,-9.9999994));
#2342 = ( GEOMETRIC_REPRESENTATION_CONTEXT(2) 
PARAMETRIC_REPRESENTATION_CONTEXT() REPRESENTATION_CONTEXT('2D SPACE',''
  ) );
#2343 = ADVANCED_FACE('',(#2344),#2254,.F.);
#2344 = FACE_BOUND('',#2345,.F.);
#2345 = EDGE_LOOP('',(#2346,#2347));
#2346 = ORIENTED_EDGE('',*,*,#2230,.T.);
#2347 = ORIENTED_EDGE('',*,*,#2348,.F.);
#2348 = EDGE_CURVE('',#2231,#2233,#2349,.T.);
#2349 = SURFACE_CURVE('',#2350,(#2355,#2366),.PCURVE_S1.);
#2350 = CIRCLE('',#2351,36.1);
#2351 = AXIS2_PLACEMENT_3D('',#2352,#2353,#2354);
#2352 = CARTESIAN_POINT('',(0.,0.,10.));
#2353 = DIRECTION('',(0.,0.,-1.));
#2354 = DIRECTION('',(1.,0.,0.));
#2355 = PCURVE('',#2254,#2356);
#2356 = DEFINITIONAL_REPRESENTATION('',(#2357),#2365);
#2357 = ( BOUNDED_CURVE() B_SPLINE_CURVE(2,(#2358,#2359,#2360,#2361,
#2362,#2363,#2364),.UNSPECIFIED.,.T.,.F.) B_SPLINE_CURVE_WITH_KNOTS((1,2
    ,2,2,2,1),(-2.094395102393,0.,2.094395102393,4.188790204786,
6.28318530718,8.377580409573),.UNSPECIFIED.) CURVE() 
GEOMETRIC_REPRESENTATION_ITEM() RATIONAL_B_SPLINE_CURVE((1.,0.5,1.,0.5,
1.,0.5,1.)) REPRESENTATION_ITEM('') );
#2358 = CARTESIAN_POINT('',(72.7,0.));
#2359 = CARTESIAN_POINT('',(72.7,-62.52703415323));
#2360 = CARTESIAN_POINT('',(18.55,-31.26351707661));
#2361 = CARTESIAN_POINT('',(-35.6,-8.841949889844E-15));
#2362 = CARTESIAN_POINT('',(18.55,31.263517076618));
#2363 = CARTESIAN_POINT('',(72.7,62.527034153236));
#2364 = CARTESIAN_POINT('',(72.7,0.));
#2365 = ( GEOMETRIC_REPRESENTATION_CONTEXT(2) 
PARAMETRIC_REPRESENTATION_CONTEXT() REPRESENTATION_CONTEXT('2D SPACE',''
  ) );
#2366 = PCURVE('',#2281,#2367);
#2367 = DEFINITIONAL_REPRESENTATION('',(#2368),#2372);
#2368 = LINE('',#2369,#2370);
#2369 = CARTESIAN_POINT('',(-6.28318530718,-10.));
#2370 = VECTOR('',#2371,1.);
#2371 = DIRECTION('',(1.,-0.));
#2372 = ( GEOMETRIC_REPRESENTATION_CONTEXT(2) 
PARAMETRIC_REPRESENTATION_CONTEXT() REPRESENTATION_CONTEXT('2D SPACE',''
  ) );
#2373 = ADVANCED_FACE('',(#2374,#2647),#2281,.F.);
#2374 = FACE_BOUND('',#2375,.T.);
#2375 = EDGE_LOOP('',(#2376,#2405,#2428,#2461,#2487,#2520,#2543,#2570,
    #2571,#2599,#2620,#2646));
#2376 = ORIENTED_EDGE('',*,*,#2377,.F.);
#2377 = EDGE_CURVE('',#2378,#2378,#2380,.T.);
#2378 = VERTEX_POINT('',#2379);
#2379 = CARTESIAN_POINT('',(36.1,0.,0.));
#2380 = SURFACE_CURVE('',#2381,(#2386,#2393),.PCURVE_S1.);
#2381 = CIRCLE('',#2382,36.1);
#2382 = AXIS2_PLACEMENT_3D('',#2383,#2384,#2385);
#2383 = CARTESIAN_POINT('',(0.,0.,0.));
#2384 = DIRECTION('',(0.,0.,1.));
#2385 = DIRECTION('',(1.,0.,0.));
#2386 = PCURVE('',#2281,#2387);
#2387 = DEFINITIONAL_REPRESENTATION('',(#2388),#2392);
#2388 = LINE('',#2389,#2390);
#2389 = CARTESIAN_POINT('',(-0.,0.));
#2390 = VECTOR('',#2391,1.);
#2391 = DIRECTION('',(-1.,0.));
#2392 = ( GEOMETRIC_REPRESENTATION_CONTEXT(2) 
PARAMETRIC_REPRESENTATION_CONTEXT() REPRESENTATION_CONTEXT('2D SPACE',''
  ) );
#2393 = PCURVE('',#2394,#2399);
#2394 = PLANE('',#2395);
#2395 = AXIS2_PLACEMENT_3D('',#2396,#2397,#2398);
#2396 = CARTESIAN_POINT('',(-2.327557672408E-15,-1.534890654931E-15,0.)
  );
#2397 = DIRECTION('',(0.,0.,1.));
#2398 = DIRECTION('',(1.,0.,0.));
#2399 = DEFINITIONAL_REPRESENTATION('',(#2400),#2404);
#2400 = CIRCLE('',#2401,36.1);
#2401 = AXIS2_PLACEMENT_2D('',#2402,#2403);
#2402 = CARTESIAN_POINT('',(2.327557672408E-15,1.534890654931E-15));
#2403 = DIRECTION('',(1.,0.));
#2404 = ( GEOMETRIC_REPRESENTATION_CONTEXT(2) 
PARAMETRIC_REPRESENTATION_CONTEXT() REPRESENTATION_CONTEXT('2D SPACE',''
  ) );
#2405 = ORIENTED_EDGE('',*,*,#2406,.T.);
#2406 = EDGE_CURVE('',#2378,#2407,#2409,.T.);
#2407 = VERTEX_POINT('',#2408);
#2408 = CARTESIAN_POINT('',(36.1,0.,10.));
#2409 = SEAM_CURVE('',#2410,(#2414,#2421),.PCURVE_S1.);
#2410 = LINE('',#2411,#2412);
#2411 = CARTESIAN_POINT('',(36.1,0.,0.));
#2412 = VECTOR('',#2413,1.);
#2413 = DIRECTION('',(0.,0.,1.));
#2414 = PCURVE('',#2281,#2415);
#2415 = DEFINITIONAL_REPRESENTATION('',(#2416),#2420);
#2416 = LINE('',#2417,#2418);
#2417 = CARTESIAN_POINT('',(-6.28318530718,0.));
#2418 = VECTOR('',#2419,1.);
#2419 = DIRECTION('',(-0.,-1.));
#2420 = ( GEOMETRIC_REPRESENTATION_CONTEXT(2) 
PARAMETRIC_REPRESENTATION_CONTEXT() REPRESENTATION_CONTEXT('2D SPACE',''
  ) );
#2421 = PCURVE('',#2281,#2422);
#2422 = DEFINITIONAL_REPRESENTATION('',(#2423),#2427);
#2423 = LINE('',#2424,#2425);
#2424 = CARTESIAN_POINT('',(-0.,0.));
#2425 = VECTOR('',#2426,1.);
#2426 = DIRECTION('',(-0.,-1.));
#2427 = ( GEOMETRIC_REPRESENTATION_CONTEXT(2) 
PARAMETRIC_REPRESENTATION_CONTEXT() REPRESENTATION_CONTEXT('2D SPACE',''
  ) );
#2428 = ORIENTED_EDGE('',*,*,#2429,.F.);
#2429 = EDGE_CURVE('',#2430,#2407,#2432,.T.);
#2430 = VERTEX_POINT('',#2431);
#2431 = CARTESIAN_POINT('',(36.072677595628,1.404254635687,10.));
#2432 = SURFACE_CURVE('',#2433,(#2438,#2445),.PCURVE_S1.);
#2433 = CIRCLE('',#2434,36.1);
#2434 = AXIS2_PLACEMENT_3D('',#2435,#2436,#2437);
#2435 = CARTESIAN_POINT('',(0.,0.,10.));
#2436 = DIRECTION('',(0.,0.,-1.));
#2437 = DIRECTION('',(1.,0.,0.));
#2438 = PCURVE('',#2281,#2439);
#2439 = DEFINITIONAL_REPRESENTATION('',(#2440),#2444);
#2440 = LINE('',#2441,#2442);
#2441 = CARTESIAN_POINT('',(-6.28318530718,-10.));
#2442 = VECTOR('',#2443,1.);
#2443 = DIRECTION('',(1.,-0.));
#2444 = ( GEOMETRIC_REPRESENTATION_CONTEXT(2) 
PARAMETRIC_REPRESENTATION_CONTEXT() REPRESENTATION_CONTEXT('2D SPACE',''
  ) );
#2445 = PCURVE('',#2446,#2451);
#2446 = PLANE('',#2447);
#2447 = AXIS2_PLACEMENT_3D('',#2448,#2449,#2450);
#2448 = CARTESIAN_POINT('',(36.6,0.,10.));
#2449 = DIRECTION('',(0.,0.,1.));
#2450 = DIRECTION('',(1.,0.,0.));
#2451 = DEFINITIONAL_REPRESENTATION('',(#2452),#2460);
#2452 = ( BOUNDED_CURVE() B_SPLINE_CURVE(2,(#2453,#2454,#2455,#2456,
#2457,#2458,#2459),.UNSPECIFIED.,.T.,.F.) B_SPLINE_CURVE_WITH_KNOTS((1,2
    ,2,2,2,1),(-2.094395102393,0.,2.094395102393,4.188790204786,
6.28318530718,8.377580409573),.UNSPECIFIED.) CURVE() 
GEOMETRIC_REPRESENTATION_ITEM() RATIONAL_B_SPLINE_CURVE((1.,0.5,1.,0.5,
1.,0.5,1.)) REPRESENTATION_ITEM('') );
#2453 = CARTESIAN_POINT('',(-0.5,0.));
#2454 = CARTESIAN_POINT('',(-0.5,-62.52703415323));
#2455 = CARTESIAN_POINT('',(-54.65,-31.26351707661));
#2456 = CARTESIAN_POINT('',(-108.8,-8.841949889844E-15));
#2457 = CARTESIAN_POINT('',(-54.65,31.263517076618));
#2458 = CARTESIAN_POINT('',(-0.5,62.527034153236));
#2459 = CARTESIAN_POINT('',(-0.5,0.));
#2460 = ( GEOMETRIC_REPRESENTATION_CONTEXT(2) 
PARAMETRIC_REPRESENTATION_CONTEXT() REPRESENTATION_CONTEXT('2D SPACE',''
  ) );
#2461 = ORIENTED_EDGE('',*,*,#2462,.F.);
#2462 = EDGE_CURVE('',#2463,#2430,#2465,.T.);
#2463 = VERTEX_POINT('',#2464);
#2464 = CARTESIAN_POINT('',(36.072677595628,1.404254635687,20.));
#2465 = SURFACE_CURVE('',#2466,(#2470,#2476),.PCURVE_S1.);
#2466 = LINE('',#2467,#2468);
#2467 = CARTESIAN_POINT('',(36.072677595628,1.404254635687,0.));
#2468 = VECTOR('',#2469,1.);
#2469 = DIRECTION('',(-0.,-0.,-1.));
#2470 = PCURVE('',#2281,#2471);
#2471 = DEFINITIONAL_REPRESENTATION('',(#2472),#2475);
#2472 = B_SPLINE_CURVE_WITH_KNOTS('',1,(#2473,#2474),.UNSPECIFIED.,.F.,
  .F.,(2,2),(-20.0000006,-9.9999994),.PIECEWISE_BEZIER_KNOTS.);
#2473 = CARTESIAN_POINT('',(-3.890883696848E-02,-20.0000006));
#2474 = CARTESIAN_POINT('',(-3.890883696848E-02,-9.9999994));
#2475 = ( GEOMETRIC_REPRESENTATION_CONTEXT(2) 
PARAMETRIC_REPRESENTATION_CONTEXT() REPRESENTATION_CONTEXT('2D SPACE',''
  ) );
#2476 = PCURVE('',#2477,#2482);
#2477 = CYLINDRICAL_SURFACE('',#2478,1.5);
#2478 = AXIS2_PLACEMENT_3D('',#2479,#2480,#2481);
#2479 = CARTESIAN_POINT('',(36.6,0.,10.));
#2480 = DIRECTION('',(0.,0.,1.));
#2481 = DIRECTION('',(1.,0.,0.));
#2482 = DEFINITIONAL_REPRESENTATION('',(#2483),#2486);
#2483 = B_SPLINE_CURVE_WITH_KNOTS('',1,(#2484,#2485),.UNSPECIFIED.,.F.,
  .F.,(2,2),(-20.0000006,-9.9999994),.PIECEWISE_BEZIER_KNOTS.);
#2484 = CARTESIAN_POINT('',(1.930020752181,10.0000006));
#2485 = CARTESIAN_POINT('',(1.930020752181,-5.999999999062E-07));
#2486 = ( GEOMETRIC_REPRESENTATION_CONTEXT(2) 
PARAMETRIC_REPRESENTATION_CONTEXT() REPRESENTATION_CONTEXT('2D SPACE',''
  ) );
#2487 = ORIENTED_EDGE('',*,*,#2488,.T.);
#2488 = EDGE_CURVE('',#2463,#2489,#2491,.T.);
#2489 = VERTEX_POINT('',#2490);
#2490 = CARTESIAN_POINT('',(36.1,0.,20.));
#2491 = SURFACE_CURVE('',#2492,(#2497,#2504),.PCURVE_S1.);
#2492 = CIRCLE('',#2493,36.1);
#2493 = AXIS2_PLACEMENT_3D('',#2494,#2495,#2496);
#2494 = CARTESIAN_POINT('',(0.,0.,20.));
#2495 = DIRECTION('',(0.,0.,-1.));
#2496 = DIRECTION('',(1.,0.,0.));
#2497 = PCURVE('',#2281,#2498);
#2498 = DEFINITIONAL_REPRESENTATION('',(#2499),#2503);
#2499 = LINE('',#2500,#2501);
#2500 = CARTESIAN_POINT('',(-6.28318530718,-20.));
#2501 = VECTOR('',#2502,1.);
#2502 = DIRECTION('',(1.,-0.));
#2503 = ( GEOMETRIC_REPRESENTATION_CONTEXT(2) 
PARAMETRIC_REPRESENTATION_CONTEXT() REPRESENTATION_CONTEXT('2D SPACE',''
  ) );
#2504 = PCURVE('',#2505,#2510);
#2505 = PLANE('',#2506);
#2506 = AXIS2_PLACEMENT_3D('',#2507,#2508,#2509);
#2507 = CARTESIAN_POINT('',(36.6,0.,20.));
#2508 = DIRECTION('',(0.,0.,1.));
#2509 = DIRECTION('',(1.,0.,0.));
#2510 = DEFINITIONAL_REPRESENTATION('',(#2511),#2519);
#2511 = ( BOUNDED_CURVE() B_SPLINE_CURVE(2,(#2512,#2513,#2514,#2515,
#2516,#2517,#2518),.UNSPECIFIED.,.T.,.F.) B_SPLINE_CURVE_WITH_KNOTS((1,2
    ,2,2,2,1),(-2.094395102393,0.,2.094395102393,4.188790204786,
6.28318530718,8.377580409573),.UNSPECIFIED.) CURVE() 
GEOMETRIC_REPRESENTATION_ITEM() RATIONAL_B_SPLINE_CURVE((1.,0.5,1.,0.5,
1.,0.5,1.)) REPRESENTATION_ITEM('') );
#2512 = CARTESIAN_POINT('',(-0.5,0.));
#2513 = CARTESIAN_POINT('',(-0.5,-62.52703415323));
#2514 = CARTESIAN_POINT('',(-54.65,-31.26351707661));
#2515 = CARTESIAN_POINT('',(-108.8,-8.841949889844E-15));
#2516 = CARTESIAN_POINT('',(-54.65,31.263517076618));
#2517 = CARTESIAN_POINT('',(-0.5,62.527034153236));
#2518 = CARTESIAN_POINT('',(-0.5,0.));
#2519 = ( GEOMETRIC_REPRESENTATION_CONTEXT(2) 
PARAMETRIC_REPRESENTATION_CONTEXT() REPRESENTATION_CONTEXT('2D SPACE',''
  ) );
#2520 = ORIENTED_EDGE('',*,*,#2521,.T.);
#2521 = EDGE_CURVE('',#2489,#2522,#2524,.T.);
#2522 = VERTEX_POINT('',#2523);
#2523 = CARTESIAN_POINT('',(36.1,0.,30.));
#2524 = SEAM_CURVE('',#2525,(#2529,#2536),.PCURVE_S1.);
#2525 = LINE('',#2526,#2527);
#2526 = CARTESIAN_POINT('',(36.1,0.,0.));
#2527 = VECTOR('',#2528,1.);
#2528 = DIRECTION('',(0.,0.,1.));
#2529 = PCURVE('',#2281,#2530);
#2530 = DEFINITIONAL_REPRESENTATION('',(#2531),#2535);
#2531 = LINE('',#2532,#2533);
#2532 = CARTESIAN_POINT('',(-6.28318530718,0.));
#2533 = VECTOR('',#2534,1.);
#2534 = DIRECTION('',(-0.,-1.));
#2535 = ( GEOMETRIC_REPRESENTATION_CONTEXT(2) 
PARAMETRIC_REPRESENTATION_CONTEXT() REPRESENTATION_CONTEXT('2D SPACE',''
  ) );
#2536 = PCURVE('',#2281,#2537);
#2537 = DEFINITIONAL_REPRESENTATION('',(#2538),#2542);
#2538 = LINE('',#2539,#2540);
#2539 = CARTESIAN_POINT('',(-0.,0.));
#2540 = VECTOR('',#2541,1.);
#2541 = DIRECTION('',(-0.,-1.));
#2542 = ( GEOMETRIC_REPRESENTATION_CONTEXT(2) 
PARAMETRIC_REPRESENTATION_CONTEXT() REPRESENTATION_CONTEXT('2D SPACE',''
  ) );
#2543 = ORIENTED_EDGE('',*,*,#2544,.T.);
#2544 = EDGE_CURVE('',#2522,#2522,#2545,.T.);
#2545 = SURFACE_CURVE('',#2546,(#2551,#2558),.PCURVE_S1.);
#2546 = CIRCLE('',#2547,36.1);
#2547 = AXIS2_PLACEMENT_3D('',#2548,#2549,#2550);
#2548 = CARTESIAN_POINT('',(0.,0.,30.));
#2549 = DIRECTION('',(0.,0.,1.));
#2550 = DIRECTION('',(1.,0.,0.));
#2551 = PCURVE('',#2281,#2552);
#2552 = DEFINITIONAL_REPRESENTATION('',(#2553),#2557);
#2553 = LINE('',#2554,#2555);
#2554 = CARTESIAN_POINT('',(-0.,-30.));
#2555 = VECTOR('',#2556,1.);
#2556 = DIRECTION('',(-1.,0.));
#2557 = ( GEOMETRIC_REPRESENTATION_CONTEXT(2) 
PARAMETRIC_REPRESENTATION_CONTEXT() REPRESENTATION_CONTEXT('2D SPACE',''
  ) );
#2558 = PCURVE('',#2559,#2564);
#2559 = PLANE('',#2560);
#2560 = AXIS2_PLACEMENT_3D('',#2561,#2562,#2563);
#2561 = CARTESIAN_POINT('',(-2.327557672408E-15,-1.534890654931E-15,30.)
  );
#2562 = DIRECTION('',(0.,0.,1.));
#2563 = DIRECTION('',(1.,0.,0.));
#2564 = DEFINITIONAL_REPRESENTATION('',(#2565),#2569);
#2565 = CIRCLE('',#2566,36.1);
#2566 = AXIS2_PLACEMENT_2D('',#2567,#2568);
#2567 = CARTESIAN_POINT('',(2.327557672408E-15,1.534890654931E-15));
#2568 = DIRECTION('',(1.,0.));
#2569 = ( GEOMETRIC_REPRESENTATION_CONTEXT(2) 
PARAMETRIC_REPRESENTATION_CONTEXT() REPRESENTATION_CONTEXT('2D SPACE',''
  ) );
#2570 = ORIENTED_EDGE('',*,*,#2521,.F.);
#2571 = ORIENTED_EDGE('',*,*,#2572,.T.);
#2572 = EDGE_CURVE('',#2489,#2573,#2575,.T.);
#2573 = VERTEX_POINT('',#2574);
#2574 = CARTESIAN_POINT('',(36.072677595628,-1.404254635687,20.));
#2575 = SURFACE_CURVE('',#2576,(#2581,#2588),.PCURVE_S1.);
#2576 = CIRCLE('',#2577,36.1);
#2577 = AXIS2_PLACEMENT_3D('',#2578,#2579,#2580);
#2578 = CARTESIAN_POINT('',(0.,0.,20.));
#2579 = DIRECTION('',(0.,0.,-1.));
#2580 = DIRECTION('',(1.,0.,0.));
#2581 = PCURVE('',#2281,#2582);
#2582 = DEFINITIONAL_REPRESENTATION('',(#2583),#2587);
#2583 = LINE('',#2584,#2585);
#2584 = CARTESIAN_POINT('',(-6.28318530718,-20.));
#2585 = VECTOR('',#2586,1.);
#2586 = DIRECTION('',(1.,-0.));
#2587 = ( GEOMETRIC_REPRESENTATION_CONTEXT(2) 
PARAMETRIC_REPRESENTATION_CONTEXT() REPRESENTATION_CONTEXT('2D SPACE',''
  ) );
#2588 = PCURVE('',#2505,#2589);
#2589 = DEFINITIONAL_REPRESENTATION('',(#2590),#2598);
#2590 = ( BOUNDED_CURVE() B_SPLINE_CURVE(2,(#2591,#2592,#2593,#2594,
#2595,#2596,#2597),.UNSPECIFIED.,.T.,.F.) B_SPLINE_CURVE_WITH_KNOTS((1,2
    ,2,2,2,1),(-2.094395102393,0.,2.094395102393,4.188790204786,
6.28318530718,8.377580409573),.UNSPECIFIED.) CURVE() 
GEOMETRIC_REPRESENTATION_ITEM() RATIONAL_B_SPLINE_CURVE((1.,0.5,1.,0.5,
1.,0.5,1.)) REPRESENTATION_ITEM('') );
#2591 = CARTESIAN_POINT('',(-0.5,0.));
#2592 = CARTESIAN_POINT('',(-0.5,-62.52703415323));
#2593 = CARTESIAN_POINT('',(-54.65,-31.26351707661));
#2594 = CARTESIAN_POINT('',(-108.8,-8.841949889844E-15));
#2595 = CARTESIAN_POINT('',(-54.65,31.263517076618));
#2596 = CARTESIAN_POINT('',(-0.5,62.527034153236));
#2597 = CARTESIAN_POINT('',(-0.5,0.));
#2598 = ( GEOMETRIC_REPRESENTATION_CONTEXT(2) 
PARAMETRIC_REPRESENTATION_CONTEXT() REPRESENTATION_CONTEXT('2D SPACE',''
  ) );
#2599 = ORIENTED_EDGE('',*,*,#2600,.T.);
#2600 = EDGE_CURVE('',#2573,#2601,#2603,.T.);
#2601 = VERTEX_POINT('',#2602);
#2602 = CARTESIAN_POINT('',(36.072677595628,-1.404254635687,10.));
#2603 = SURFACE_CURVE('',#2604,(#2608,#2614),.PCURVE_S1.);
#2604 = LINE('',#2605,#2606);
#2605 = CARTESIAN_POINT('',(36.072677595628,-1.404254635687,0.));
#2606 = VECTOR('',#2607,1.);
#2607 = DIRECTION('',(-0.,-0.,-1.));
#2608 = PCURVE('',#2281,#2609);
#2609 = DEFINITIONAL_REPRESENTATION('',(#2610),#2613);
#2610 = B_SPLINE_CURVE_WITH_KNOTS('',1,(#2611,#2612),.UNSPECIFIED.,.F.,
  .F.,(2,2),(-20.0000006,-9.9999994),.PIECEWISE_BEZIER_KNOTS.);
#2611 = CARTESIAN_POINT('',(-6.244276470211,-20.0000006));
#2612 = CARTESIAN_POINT('',(-6.244276470211,-9.9999994));
#2613 = ( GEOMETRIC_REPRESENTATION_CONTEXT(2) 
PARAMETRIC_REPRESENTATION_CONTEXT() REPRESENTATION_CONTEXT('2D SPACE',''
  ) );
#2614 = PCURVE('',#2477,#2615);
#2615 = DEFINITIONAL_REPRESENTATION('',(#2616),#2619);
#2616 = B_SPLINE_CURVE_WITH_KNOTS('',1,(#2617,#2618),.UNSPECIFIED.,.F.,
  .F.,(2,2),(-20.0000006,-9.9999994),.PIECEWISE_BEZIER_KNOTS.);
#2617 = CARTESIAN_POINT('',(4.353164554998,10.0000006));
#2618 = CARTESIAN_POINT('',(4.353164554998,-5.999999999062E-07));
#2619 = ( GEOMETRIC_REPRESENTATION_CONTEXT(2) 
PARAMETRIC_REPRESENTATION_CONTEXT() REPRESENTATION_CONTEXT('2D SPACE',''
  ) );
#2620 = ORIENTED_EDGE('',*,*,#2621,.F.);
#2621 = EDGE_CURVE('',#2407,#2601,#2622,.T.);
#2622 = SURFACE_CURVE('',#2623,(#2628,#2635),.PCURVE_S1.);
#2623 = CIRCLE('',#2624,36.1);
#2624 = AXIS2_PLACEMENT_3D('',#2625,#2626,#2627);
#2625 = CARTESIAN_POINT('',(0.,0.,10.));
#2626 = DIRECTION('',(0.,0.,-1.));
#2627 = DIRECTION('',(1.,0.,0.));
#2628 = PCURVE('',#2281,#2629);
#2629 = DEFINITIONAL_REPRESENTATION('',(#2630),#2634);
#2630 = LINE('',#2631,#2632);
#2631 = CARTESIAN_POINT('',(-6.28318530718,-10.));
#2632 = VECTOR('',#2633,1.);
#2633 = DIRECTION('',(1.,-0.));
#2634 = ( GEOMETRIC_REPRESENTATION_CONTEXT(2) 
PARAMETRIC_REPRESENTATION_CONTEXT() REPRESENTATION_CONTEXT('2D SPACE',''
  ) );
#2635 = PCURVE('',#2446,#2636);
#2636 = DEFINITIONAL_REPRESENTATION('',(#2637),#2645);
#2637 = ( BOUNDED_CURVE() B_SPLINE_CURVE(2,(#2638,#2639,#2640,#2641,
#2642,#2643,#2644),.UNSPECIFIED.,.T.,.F.) B_SPLINE_CURVE_WITH_KNOTS((1,2
    ,2,2,2,1),(-2.094395102393,0.,2.094395102393,4.188790204786,
6.28318530718,8.377580409573),.UNSPECIFIED.) CURVE() 
GEOMETRIC_REPRESENTATION_ITEM() RATIONAL_B_SPLINE_CURVE((1.,0.5,1.,0.5,
1.,0.5,1.)) REPRESENTATION_ITEM('') );
#2638 = CARTESIAN_POINT('',(-0.5,0.));
#2639 = CARTESIAN_POINT('',(-0.5,-62.52703415323));
#2640 = CARTESIAN_POINT('',(-54.65,-31.26351707661));
#2641 = CARTESIAN_POINT('',(-108.8,-8.841949889844E-15));
#2642 = CARTESIAN_POINT('',(-54.65,31.263517076618));
#2643 = CARTESIAN_POINT('',(-0.5,62.527034153236));
#2644 = CARTESIAN_POINT('',(-0.5,0.));
#2645 = ( GEOMETRIC_REPRESENTATION_CONTEXT(2) 
PARAMETRIC_REPRESENTATION_CONTEXT() REPRESENTATION_CONTEXT('2D SPACE',''
  ) );
#2646 = ORIENTED_EDGE('',*,*,#2406,.F.);
#2647 = FACE_BOUND('',#2648,.T.);
#2648 = EDGE_LOOP('',(#2649,#2650,#2676,#2677));
#2649 = ORIENTED_EDGE('',*,*,#2325,.F.);
#2650 = ORIENTED_EDGE('',*,*,#2651,.T.);
#2651 = EDGE_CURVE('',#2293,#2267,#2652,.T.);
#2652 = SURFACE_CURVE('',#2653,(#2658,#2665),.PCURVE_S1.);
#2653 = CIRCLE('',#2654,36.1);
#2654 = AXIS2_PLACEMENT_3D('',#2655,#2656,#2657);
#2655 = CARTESIAN_POINT('',(0.,0.,20.));
#2656 = DIRECTION('',(0.,0.,-1.));
#2657 = DIRECTION('',(1.,0.,0.));
#2658 = PCURVE('',#2281,#2659);
#2659 = DEFINITIONAL_REPRESENTATION('',(#2660),#2664);
#2660 = LINE('',#2661,#2662);
#2661 = CARTESIAN_POINT('',(-6.28318530718,-20.));
#2662 = VECTOR('',#2663,1.);
#2663 = DIRECTION('',(1.,-0.));
#2664 = ( GEOMETRIC_REPRESENTATION_CONTEXT(2) 
PARAMETRIC_REPRESENTATION_CONTEXT() REPRESENTATION_CONTEXT('2D SPACE',''
  ) );
#2665 = PCURVE('',#2309,#2666);
#2666 = DEFINITIONAL_REPRESENTATION('',(#2667),#2675);
#2667 = ( BOUNDED_CURVE() B_SPLINE_CURVE(2,(#2668,#2669,#2670,#2671,
#2672,#2673,#2674),.UNSPECIFIED.,.T.,.F.) B_SPLINE_CURVE_WITH_KNOTS((1,2
    ,2,2,2,1),(-2.094395102393,0.,2.094395102393,4.188790204786,
6.28318530718,8.377580409573),.UNSPECIFIED.) CURVE() 
GEOMETRIC_REPRESENTATION_ITEM() RATIONAL_B_SPLINE_CURVE((1.,0.5,1.,0.5,
1.,0.5,1.)) REPRESENTATION_ITEM('') );
#2668 = CARTESIAN_POINT('',(72.7,0.));
#2669 = CARTESIAN_POINT('',(72.7,-62.52703415323));
#2670 = CARTESIAN_POINT('',(18.55,-31.26351707661));
#2671 = CARTESIAN_POINT('',(-35.6,-8.841949889844E-15));
#2672 = CARTESIAN_POINT('',(18.55,31.263517076618));
#2673 = CARTESIAN_POINT('',(72.7,62.527034153236));
#2674 = CARTESIAN_POINT('',(72.7,0.));
#2675 = ( GEOMETRIC_REPRESENTATION_CONTEXT(2) 
PARAMETRIC_REPRESENTATION_CONTEXT() REPRESENTATION_CONTEXT('2D SPACE',''
  ) );
#2676 = ORIENTED_EDGE('',*,*,#2266,.T.);
#2677 = ORIENTED_EDGE('',*,*,#2348,.F.);
#2678 = ADVANCED_FACE('',(#2679),#2309,.T.);
#2679 = FACE_BOUND('',#2680,.T.);
#2680 = EDGE_LOOP('',(#2681,#2682));
#2681 = ORIENTED_EDGE('',*,*,#2651,.F.);
#2682 = ORIENTED_EDGE('',*,*,#2292,.F.);
#2683 = ADVANCED_FACE('',(#2684,#2715),#2394,.F.);
#2684 = FACE_BOUND('',#2685,.F.);
#2685 = EDGE_LOOP('',(#2686));
#2686 = ORIENTED_EDGE('',*,*,#2687,.T.);
#2687 = EDGE_CURVE('',#2688,#2688,#2690,.T.);
#2688 = VERTEX_POINT('',#2689);
#2689 = CARTESIAN_POINT('',(37.6,0.,0.));
#2690 = SURFACE_CURVE('',#2691,(#2696,#2703),.PCURVE_S1.);
#2691 = CIRCLE('',#2692,37.6);
#2692 = AXIS2_PLACEMENT_3D('',#2693,#2694,#2695);
#2693 = CARTESIAN_POINT('',(0.,0.,0.));
#2694 = DIRECTION('',(0.,0.,1.));
#2695 = DIRECTION('',(1.,0.,0.));
#2696 = PCURVE('',#2394,#2697);
#2697 = DEFINITIONAL_REPRESENTATION('',(#2698),#2702);
#2698 = CIRCLE('',#2699,37.6);
#2699 = AXIS2_PLACEMENT_2D('',#2700,#2701);
#2700 = CARTESIAN_POINT('',(2.327557672408E-15,1.534890654931E-15));
#2701 = DIRECTION('',(1.,0.));
#2702 = ( GEOMETRIC_REPRESENTATION_CONTEXT(2) 
PARAMETRIC_REPRESENTATION_CONTEXT() REPRESENTATION_CONTEXT('2D SPACE',''
  ) );
#2703 = PCURVE('',#2704,#2709);
#2704 = CYLINDRICAL_SURFACE('',#2705,37.6);
#2705 = AXIS2_PLACEMENT_3D('',#2706,#2707,#2708);
#2706 = CARTESIAN_POINT('',(0.,0.,0.));
#2707 = DIRECTION('',(-0.,-0.,-1.));
#2708 = DIRECTION('',(1.,0.,0.));
#2709 = DEFINITIONAL_REPRESENTATION('',(#2710),#2714);
#2710 = LINE('',#2711,#2712);
#2711 = CARTESIAN_POINT('',(-0.,0.));
#2712 = VECTOR('',#2713,1.);
#2713 = DIRECTION('',(-1.,0.));
#2714 = ( GEOMETRIC_REPRESENTATION_CONTEXT(2) 
PARAMETRIC_REPRESENTATION_CONTEXT() REPRESENTATION_CONTEXT('2D SPACE',''
  ) );
#2715 = FACE_BOUND('',#2716,.F.);
#2716 = EDGE_LOOP('',(#2717));
#2717 = ORIENTED_EDGE('',*,*,#2377,.F.);
#2718 = ADVANCED_FACE('',(#2719),#2446,.F.);
#2719 = FACE_BOUND('',#2720,.F.);
#2720 = EDGE_LOOP('',(#2721,#2722,#2744));
#2721 = ORIENTED_EDGE('',*,*,#2429,.F.);
#2722 = ORIENTED_EDGE('',*,*,#2723,.T.);
#2723 = EDGE_CURVE('',#2430,#2601,#2724,.T.);
#2724 = SURFACE_CURVE('',#2725,(#2730,#2737),.PCURVE_S1.);
#2725 = CIRCLE('',#2726,1.5);
#2726 = AXIS2_PLACEMENT_3D('',#2727,#2728,#2729);
#2727 = CARTESIAN_POINT('',(36.6,0.,10.));
#2728 = DIRECTION('',(0.,0.,1.));
#2729 = DIRECTION('',(1.,0.,0.));
#2730 = PCURVE('',#2446,#2731);
#2731 = DEFINITIONAL_REPRESENTATION('',(#2732),#2736);
#2732 = CIRCLE('',#2733,1.5);
#2733 = AXIS2_PLACEMENT_2D('',#2734,#2735);
#2734 = CARTESIAN_POINT('',(0.,0.));
#2735 = DIRECTION('',(1.,0.));
#2736 = ( GEOMETRIC_REPRESENTATION_CONTEXT(2) 
PARAMETRIC_REPRESENTATION_CONTEXT() REPRESENTATION_CONTEXT('2D SPACE',''
  ) );
#2737 = PCURVE('',#2477,#2738);
#2738 = DEFINITIONAL_REPRESENTATION('',(#2739),#2743);
#2739 = LINE('',#2740,#2741);
#2740 = CARTESIAN_POINT('',(0.,0.));
#2741 = VECTOR('',#2742,1.);
#2742 = DIRECTION('',(1.,0.));
#2743 = ( GEOMETRIC_REPRESENTATION_CONTEXT(2) 
PARAMETRIC_REPRESENTATION_CONTEXT() REPRESENTATION_CONTEXT('2D SPACE',''
  ) );
#2744 = ORIENTED_EDGE('',*,*,#2621,.F.);
#2745 = ADVANCED_FACE('',(#2746),#2477,.T.);
#2746 = FACE_BOUND('',#2747,.T.);
#2747 = EDGE_LOOP('',(#2748,#2770,#2771,#2772));
#2748 = ORIENTED_EDGE('',*,*,#2749,.F.);
#2749 = EDGE_CURVE('',#2463,#2573,#2750,.T.);
#2750 = SURFACE_CURVE('',#2751,(#2756,#2763),.PCURVE_S1.);
#2751 = CIRCLE('',#2752,1.5);
#2752 = AXIS2_PLACEMENT_3D('',#2753,#2754,#2755);
#2753 = CARTESIAN_POINT('',(36.6,0.,20.));
#2754 = DIRECTION('',(0.,0.,1.));
#2755 = DIRECTION('',(1.,0.,0.));
#2756 = PCURVE('',#2477,#2757);
#2757 = DEFINITIONAL_REPRESENTATION('',(#2758),#2762);
#2758 = LINE('',#2759,#2760);
#2759 = CARTESIAN_POINT('',(0.,10.));
#2760 = VECTOR('',#2761,1.);
#2761 = DIRECTION('',(1.,0.));
#2762 = ( GEOMETRIC_REPRESENTATION_CONTEXT(2) 
PARAMETRIC_REPRESENTATION_CONTEXT() REPRESENTATION_CONTEXT('2D SPACE',''
  ) );
#2763 = PCURVE('',#2505,#2764);
#2764 = DEFINITIONAL_REPRESENTATION('',(#2765),#2769);
#2765 = CIRCLE('',#2766,1.5);
#2766 = AXIS2_PLACEMENT_2D('',#2767,#2768);
#2767 = CARTESIAN_POINT('',(0.,0.));
#2768 = DIRECTION('',(1.,0.));
#2769 = ( GEOMETRIC_REPRESENTATION_CONTEXT(2) 
PARAMETRIC_REPRESENTATION_CONTEXT() REPRESENTATION_CONTEXT('2D SPACE',''
  ) );
#2770 = ORIENTED_EDGE('',*,*,#2462,.T.);
#2771 = ORIENTED_EDGE('',*,*,#2723,.T.);
#2772 = ORIENTED_EDGE('',*,*,#2600,.F.);
#2773 = ADVANCED_FACE('',(#2774),#2505,.T.);
#2774 = FACE_BOUND('',#2775,.T.);
#2775 = EDGE_LOOP('',(#2776,#2777,#2778));
#2776 = ORIENTED_EDGE('',*,*,#2488,.F.);
#2777 = ORIENTED_EDGE('',*,*,#2749,.T.);
#2778 = ORIENTED_EDGE('',*,*,#2572,.F.);
#2779 = ADVANCED_FACE('',(#2780,#2806),#2559,.T.);
#2780 = FACE_BOUND('',#2781,.T.);
#2781 = EDGE_LOOP('',(#2782));
#2782 = ORIENTED_EDGE('',*,*,#2783,.T.);
#2783 = EDGE_CURVE('',#2784,#2784,#2786,.T.);
#2784 = VERTEX_POINT('',#2785);
#2785 = CARTESIAN_POINT('',(37.6,0.,30.));
#2786 = SURFACE_CURVE('',#2787,(#2792,#2799),.PCURVE_S1.);
#2787 = CIRCLE('',#2788,37.6);
#2788 = AXIS2_PLACEMENT_3D('',#2789,#2790,#2791);
#2789 = CARTESIAN_POINT('',(0.,0.,30.));
#2790 = DIRECTION('',(0.,0.,1.));
#2791 = DIRECTION('',(1.,0.,0.));
#2792 = PCURVE('',#2559,#2793);
#2793 = DEFINITIONAL_REPRESENTATION('',(#2794),#2798);
#2794 = CIRCLE('',#2795,37.6);
#2795 = AXIS2_PLACEMENT_2D('',#2796,#2797);
#2796 = CARTESIAN_POINT('',(2.327557672408E-15,1.534890654931E-15));
#2797 = DIRECTION('',(1.,0.));
#2798 = ( GEOMETRIC_REPRESENTATION_CONTEXT(2) 
PARAMETRIC_REPRESENTATION_CONTEXT() REPRESENTATION_CONTEXT('2D SPACE',''
  ) );
#2799 = PCURVE('',#2704,#2800);
#2800 = DEFINITIONAL_REPRESENTATION('',(#2801),#2805);
#2801 = LINE('',#2802,#2803);
#2802 = CARTESIAN_POINT('',(-0.,-30.));
#2803 = VECTOR('',#2804,1.);
#2804 = DIRECTION('',(-1.,0.));
#2805 = ( GEOMETRIC_REPRESENTATION_CONTEXT(2) 
PARAMETRIC_REPRESENTATION_CONTEXT() REPRESENTATION_CONTEXT('2D SPACE',''
  ) );
#2806 = FACE_BOUND('',#2807,.T.);
#2807 = EDGE_LOOP('',(#2808));
#2808 = ORIENTED_EDGE('',*,*,#2544,.F.);
#2809 = ADVANCED_FACE('',(#2810,#3027),#2704,.T.);
#2810 = FACE_BOUND('',#2811,.F.);
#2811 = EDGE_LOOP('',(#2812,#2813,#2836,#2869,#2895,#2928,#2949,#2950,
    #2951,#2979,#3000,#3026));
#2812 = ORIENTED_EDGE('',*,*,#2687,.F.);
#2813 = ORIENTED_EDGE('',*,*,#2814,.T.);
#2814 = EDGE_CURVE('',#2688,#2815,#2817,.T.);
#2815 = VERTEX_POINT('',#2816);
#2816 = CARTESIAN_POINT('',(37.6,0.,10.));
#2817 = SEAM_CURVE('',#2818,(#2822,#2829),.PCURVE_S1.);
#2818 = LINE('',#2819,#2820);
#2819 = CARTESIAN_POINT('',(37.6,0.,0.));
#2820 = VECTOR('',#2821,1.);
#2821 = DIRECTION('',(0.,0.,1.));
#2822 = PCURVE('',#2704,#2823);
#2823 = DEFINITIONAL_REPRESENTATION('',(#2824),#2828);
#2824 = LINE('',#2825,#2826);
#2825 = CARTESIAN_POINT('',(-6.28318530718,0.));
#2826 = VECTOR('',#2827,1.);
#2827 = DIRECTION('',(-0.,-1.));
#2828 = ( GEOMETRIC_REPRESENTATION_CONTEXT(2) 
PARAMETRIC_REPRESENTATION_CONTEXT() REPRESENTATION_CONTEXT('2D SPACE',''
  ) );
#2829 = PCURVE('',#2704,#2830);
#2830 = DEFINITIONAL_REPRESENTATION('',(#2831),#2835);
#2831 = LINE('',#2832,#2833);
#2832 = CARTESIAN_POINT('',(-0.,0.));
#2833 = VECTOR('',#2834,1.);
#2834 = DIRECTION('',(-0.,-1.));
#2835 = ( GEOMETRIC_REPRESENTATION_CONTEXT(2) 
PARAMETRIC_REPRESENTATION_CONTEXT() REPRESENTATION_CONTEXT('2D SPACE',''
  ) );
#2836 = ORIENTED_EDGE('',*,*,#2837,.F.);
#2837 = EDGE_CURVE('',#2838,#2815,#2840,.T.);
#2838 = VERTEX_POINT('',#2839);
#2839 = CARTESIAN_POINT('',(37.582923497268,1.133076077993,10.));
#2840 = SURFACE_CURVE('',#2841,(#2846,#2853),.PCURVE_S1.);
#2841 = CIRCLE('',#2842,37.6);
#2842 = AXIS2_PLACEMENT_3D('',#2843,#2844,#2845);
#2843 = CARTESIAN_POINT('',(0.,0.,10.));
#2844 = DIRECTION('',(0.,0.,-1.));
#2845 = DIRECTION('',(1.,0.,0.));
#2846 = PCURVE('',#2704,#2847);
#2847 = DEFINITIONAL_REPRESENTATION('',(#2848),#2852);
#2848 = LINE('',#2849,#2850);
#2849 = CARTESIAN_POINT('',(-6.28318530718,-10.));
#2850 = VECTOR('',#2851,1.);
#2851 = DIRECTION('',(1.,-0.));
#2852 = ( GEOMETRIC_REPRESENTATION_CONTEXT(2) 
PARAMETRIC_REPRESENTATION_CONTEXT() REPRESENTATION_CONTEXT('2D SPACE',''
  ) );
#2853 = PCURVE('',#2854,#2859);
#2854 = PLANE('',#2855);
#2855 = AXIS2_PLACEMENT_3D('',#2856,#2857,#2858);
#2856 = CARTESIAN_POINT('',(36.6,0.,10.));
#2857 = DIRECTION('',(0.,0.,1.));
#2858 = DIRECTION('',(1.,0.,0.));
#2859 = DEFINITIONAL_REPRESENTATION('',(#2860),#2868);
#2860 = ( BOUNDED_CURVE() B_SPLINE_CURVE(2,(#2861,#2862,#2863,#2864,
#2865,#2866,#2867),.UNSPECIFIED.,.T.,.F.) B_SPLINE_CURVE_WITH_KNOTS((1,2
    ,2,2,2,1),(-2.094395102393,0.,2.094395102393,4.188790204786,
6.28318530718,8.377580409573),.UNSPECIFIED.) CURVE() 
GEOMETRIC_REPRESENTATION_ITEM() RATIONAL_B_SPLINE_CURVE((1.,0.5,1.,0.5,
1.,0.5,1.)) REPRESENTATION_ITEM('') );
#2861 = CARTESIAN_POINT('',(1.,0.));
#2862 = CARTESIAN_POINT('',(1.,-65.12511036459));
#2863 = CARTESIAN_POINT('',(-55.4,-32.56255518229));
#2864 = CARTESIAN_POINT('',(-111.8,-9.209343929588E-15));
#2865 = CARTESIAN_POINT('',(-55.4,32.562555182295));
#2866 = CARTESIAN_POINT('',(1.,65.12511036459));
#2867 = CARTESIAN_POINT('',(1.,0.));
#2868 = ( GEOMETRIC_REPRESENTATION_CONTEXT(2) 
PARAMETRIC_REPRESENTATION_CONTEXT() REPRESENTATION_CONTEXT('2D SPACE',''
  ) );
#2869 = ORIENTED_EDGE('',*,*,#2870,.F.);
#2870 = EDGE_CURVE('',#2871,#2838,#2873,.T.);
#2871 = VERTEX_POINT('',#2872);
#2872 = CARTESIAN_POINT('',(37.582923497268,1.133076077993,20.));
#2873 = SURFACE_CURVE('',#2874,(#2878,#2884),.PCURVE_S1.);
#2874 = LINE('',#2875,#2876);
#2875 = CARTESIAN_POINT('',(37.582923497268,1.133076077992,0.));
#2876 = VECTOR('',#2877,1.);
#2877 = DIRECTION('',(-0.,-0.,-1.));
#2878 = PCURVE('',#2704,#2879);
#2879 = DEFINITIONAL_REPRESENTATION('',(#2880),#2883);
#2880 = B_SPLINE_CURVE_WITH_KNOTS('',1,(#2881,#2882),.UNSPECIFIED.,.F.,
  .F.,(2,2),(-20.0000006,-9.9999994),.PIECEWISE_BEZIER_KNOTS.);
#2881 = CARTESIAN_POINT('',(-3.013956496388E-02,-20.0000006));
#2882 = CARTESIAN_POINT('',(-3.013956496388E-02,-9.9999994));
#2883 = ( GEOMETRIC_REPRESENTATION_CONTEXT(2) 
PARAMETRIC_REPRESENTATION_CONTEXT() REPRESENTATION_CONTEXT('2D SPACE',''
  ) );
#2884 = PCURVE('',#2885,#2890);
#2885 = CYLINDRICAL_SURFACE('',#2886,1.5);
#2886 = AXIS2_PLACEMENT_3D('',#2887,#2888,#2889);
#2887 = CARTESIAN_POINT('',(36.6,0.,10.));
#2888 = DIRECTION('',(0.,0.,1.));
#2889 = DIRECTION('',(1.,0.,0.));
#2890 = DEFINITIONAL_REPRESENTATION('',(#2891),#2894);
#2891 = B_SPLINE_CURVE_WITH_KNOTS('',1,(#2892,#2893),.UNSPECIFIED.,.F.,
  .F.,(2,2),(-20.,-10.),.PIECEWISE_BEZIER_KNOTS.);
#2892 = CARTESIAN_POINT('',(7.139425315162,10.));
#2893 = CARTESIAN_POINT('',(7.139425315162,0.));
#2894 = ( GEOMETRIC_REPRESENTATION_CONTEXT(2) 
PARAMETRIC_REPRESENTATION_CONTEXT() REPRESENTATION_CONTEXT('2D SPACE',''
  ) );
#2895 = ORIENTED_EDGE('',*,*,#2896,.T.);
#2896 = EDGE_CURVE('',#2871,#2897,#2899,.T.);
#2897 = VERTEX_POINT('',#2898);
#2898 = CARTESIAN_POINT('',(37.6,0.,20.));
#2899 = SURFACE_CURVE('',#2900,(#2905,#2912),.PCURVE_S1.);
#2900 = CIRCLE('',#2901,37.6);
#2901 = AXIS2_PLACEMENT_3D('',#2902,#2903,#2904);
#2902 = CARTESIAN_POINT('',(0.,0.,20.));
#2903 = DIRECTION('',(0.,0.,-1.));
#2904 = DIRECTION('',(1.,0.,0.));
#2905 = PCURVE('',#2704,#2906);
#2906 = DEFINITIONAL_REPRESENTATION('',(#2907),#2911);
#2907 = LINE('',#2908,#2909);
#2908 = CARTESIAN_POINT('',(-6.28318530718,-20.));
#2909 = VECTOR('',#2910,1.);
#2910 = DIRECTION('',(1.,-0.));
#2911 = ( GEOMETRIC_REPRESENTATION_CONTEXT(2) 
PARAMETRIC_REPRESENTATION_CONTEXT() REPRESENTATION_CONTEXT('2D SPACE',''
  ) );
#2912 = PCURVE('',#2913,#2918);
#2913 = PLANE('',#2914);
#2914 = AXIS2_PLACEMENT_3D('',#2915,#2916,#2917);
#2915 = CARTESIAN_POINT('',(36.6,0.,20.));
#2916 = DIRECTION('',(0.,0.,1.));
#2917 = DIRECTION('',(1.,0.,0.));
#2918 = DEFINITIONAL_REPRESENTATION('',(#2919),#2927);
#2919 = ( BOUNDED_CURVE() B_SPLINE_CURVE(2,(#2920,#2921,#2922,#2923,
#2924,#2925,#2926),.UNSPECIFIED.,.T.,.F.) B_SPLINE_CURVE_WITH_KNOTS((1,2
    ,2,2,2,1),(-2.094395102393,0.,2.094395102393,4.188790204786,
6.28318530718,8.377580409573),.UNSPECIFIED.) CURVE() 
GEOMETRIC_REPRESENTATION_ITEM() RATIONAL_B_SPLINE_CURVE((1.,0.5,1.,0.5,
1.,0.5,1.)) REPRESENTATION_ITEM('') );
#2920 = CARTESIAN_POINT('',(1.,0.));
#2921 = CARTESIAN_POINT('',(1.,-65.12511036459));
#2922 = CARTESIAN_POINT('',(-55.4,-32.56255518229));
#2923 = CARTESIAN_POINT('',(-111.8,-9.209343929588E-15));
#2924 = CARTESIAN_POINT('',(-55.4,32.562555182295));
#2925 = CARTESIAN_POINT('',(1.,65.12511036459));
#2926 = CARTESIAN_POINT('',(1.,0.));
#2927 = ( GEOMETRIC_REPRESENTATION_CONTEXT(2) 
PARAMETRIC_REPRESENTATION_CONTEXT() REPRESENTATION_CONTEXT('2D SPACE',''
  ) );
#2928 = ORIENTED_EDGE('',*,*,#2929,.T.);
#2929 = EDGE_CURVE('',#2897,#2784,#2930,.T.);
#2930 = SEAM_CURVE('',#2931,(#2935,#2942),.PCURVE_S1.);
#2931 = LINE('',#2932,#2933);
#2932 = CARTESIAN_POINT('',(37.6,0.,0.));
#2933 = VECTOR('',#2934,1.);
#2934 = DIRECTION('',(0.,0.,1.));
#2935 = PCURVE('',#2704,#2936);
#2936 = DEFINITIONAL_REPRESENTATION('',(#2937),#2941);
#2937 = LINE('',#2938,#2939);
#2938 = CARTESIAN_POINT('',(-6.28318530718,0.));
#2939 = VECTOR('',#2940,1.);
#2940 = DIRECTION('',(-0.,-1.));
#2941 = ( GEOMETRIC_REPRESENTATION_CONTEXT(2) 
PARAMETRIC_REPRESENTATION_CONTEXT() REPRESENTATION_CONTEXT('2D SPACE',''
  ) );
#2942 = PCURVE('',#2704,#2943);
#2943 = DEFINITIONAL_REPRESENTATION('',(#2944),#2948);
#2944 = LINE('',#2945,#2946);
#2945 = CARTESIAN_POINT('',(-0.,0.));
#2946 = VECTOR('',#2947,1.);
#2947 = DIRECTION('',(-0.,-1.));
#2948 = ( GEOMETRIC_REPRESENTATION_CONTEXT(2) 
PARAMETRIC_REPRESENTATION_CONTEXT() REPRESENTATION_CONTEXT('2D SPACE',''
  ) );
#2949 = ORIENTED_EDGE('',*,*,#2783,.T.);
#2950 = ORIENTED_EDGE('',*,*,#2929,.F.);
#2951 = ORIENTED_EDGE('',*,*,#2952,.T.);
#2952 = EDGE_CURVE('',#2897,#2953,#2955,.T.);
#2953 = VERTEX_POINT('',#2954);
#2954 = CARTESIAN_POINT('',(37.582923497268,-1.133076077993,20.));
#2955 = SURFACE_CURVE('',#2956,(#2961,#2968),.PCURVE_S1.);
#2956 = CIRCLE('',#2957,37.6);
#2957 = AXIS2_PLACEMENT_3D('',#2958,#2959,#2960);
#2958 = CARTESIAN_POINT('',(0.,0.,20.));
#2959 = DIRECTION('',(0.,0.,-1.));
#2960 = DIRECTION('',(1.,0.,0.));
#2961 = PCURVE('',#2704,#2962);
#2962 = DEFINITIONAL_REPRESENTATION('',(#2963),#2967);
#2963 = LINE('',#2964,#2965);
#2964 = CARTESIAN_POINT('',(-6.28318530718,-20.));
#2965 = VECTOR('',#2966,1.);
#2966 = DIRECTION('',(1.,-0.));
#2967 = ( GEOMETRIC_REPRESENTATION_CONTEXT(2) 
PARAMETRIC_REPRESENTATION_CONTEXT() REPRESENTATION_CONTEXT('2D SPACE',''
  ) );
#2968 = PCURVE('',#2913,#2969);
#2969 = DEFINITIONAL_REPRESENTATION('',(#2970),#2978);
#2970 = ( BOUNDED_CURVE() B_SPLINE_CURVE(2,(#2971,#2972,#2973,#2974,
#2975,#2976,#2977),.UNSPECIFIED.,.T.,.F.) B_SPLINE_CURVE_WITH_KNOTS((1,2
    ,2,2,2,1),(-2.094395102393,0.,2.094395102393,4.188790204786,
6.28318530718,8.377580409573),.UNSPECIFIED.) CURVE() 
GEOMETRIC_REPRESENTATION_ITEM() RATIONAL_B_SPLINE_CURVE((1.,0.5,1.,0.5,
1.,0.5,1.)) REPRESENTATION_ITEM('') );
#2971 = CARTESIAN_POINT('',(1.,0.));
#2972 = CARTESIAN_POINT('',(1.,-65.12511036459));
#2973 = CARTESIAN_POINT('',(-55.4,-32.56255518229));
#2974 = CARTESIAN_POINT('',(-111.8,-9.209343929588E-15));
#2975 = CARTESIAN_POINT('',(-55.4,32.562555182295));
#2976 = CARTESIAN_POINT('',(1.,65.12511036459));
#2977 = CARTESIAN_POINT('',(1.,0.));
#2978 = ( GEOMETRIC_REPRESENTATION_CONTEXT(2) 
PARAMETRIC_REPRESENTATION_CONTEXT() REPRESENTATION_CONTEXT('2D SPACE',''
  ) );
#2979 = ORIENTED_EDGE('',*,*,#2980,.T.);
#2980 = EDGE_CURVE('',#2953,#2981,#2983,.T.);
#2981 = VERTEX_POINT('',#2982);
#2982 = CARTESIAN_POINT('',(37.582923497268,-1.133076077993,10.));
#2983 = SURFACE_CURVE('',#2984,(#2988,#2994),.PCURVE_S1.);
#2984 = LINE('',#2985,#2986);
#2985 = CARTESIAN_POINT('',(37.582923497268,-1.133076077992,0.));
#2986 = VECTOR('',#2987,1.);
#2987 = DIRECTION('',(-0.,-0.,-1.));
#2988 = PCURVE('',#2704,#2989);
#2989 = DEFINITIONAL_REPRESENTATION('',(#2990),#2993);
#2990 = B_SPLINE_CURVE_WITH_KNOTS('',1,(#2991,#2992),.UNSPECIFIED.,.F.,
  .F.,(2,2),(-20.0000006,-9.9999994),.PIECEWISE_BEZIER_KNOTS.);
#2991 = CARTESIAN_POINT('',(-6.253045742216,-20.0000006));
#2992 = CARTESIAN_POINT('',(-6.253045742216,-9.9999994));
#2993 = ( GEOMETRIC_REPRESENTATION_CONTEXT(2) 
PARAMETRIC_REPRESENTATION_CONTEXT() REPRESENTATION_CONTEXT('2D SPACE',''
  ) );
#2994 = PCURVE('',#2885,#2995);
#2995 = DEFINITIONAL_REPRESENTATION('',(#2996),#2999);
#2996 = B_SPLINE_CURVE_WITH_KNOTS('',1,(#2997,#2998),.UNSPECIFIED.,.F.,
  .F.,(2,2),(-20.,-10.),.PIECEWISE_BEZIER_KNOTS.);
#2997 = CARTESIAN_POINT('',(5.426945299197,10.));
#2998 = CARTESIAN_POINT('',(5.426945299197,0.));
#2999 = ( GEOMETRIC_REPRESENTATION_CONTEXT(2) 
PARAMETRIC_REPRESENTATION_CONTEXT() REPRESENTATION_CONTEXT('2D SPACE',''
  ) );
#3000 = ORIENTED_EDGE('',*,*,#3001,.F.);
#3001 = EDGE_CURVE('',#2815,#2981,#3002,.T.);
#3002 = SURFACE_CURVE('',#3003,(#3008,#3015),.PCURVE_S1.);
#3003 = CIRCLE('',#3004,37.6);
#3004 = AXIS2_PLACEMENT_3D('',#3005,#3006,#3007);
#3005 = CARTESIAN_POINT('',(0.,0.,10.));
#3006 = DIRECTION('',(0.,0.,-1.));
#3007 = DIRECTION('',(1.,0.,0.));
#3008 = PCURVE('',#2704,#3009);
#3009 = DEFINITIONAL_REPRESENTATION('',(#3010),#3014);
#3010 = LINE('',#3011,#3012);
#3011 = CARTESIAN_POINT('',(-6.28318530718,-10.));
#3012 = VECTOR('',#3013,1.);
#3013 = DIRECTION('',(1.,-0.));
#3014 = ( GEOMETRIC_REPRESENTATION_CONTEXT(2) 
PARAMETRIC_REPRESENTATION_CONTEXT() REPRESENTATION_CONTEXT('2D SPACE',''
  ) );
#3015 = PCURVE('',#2854,#3016);
#3016 = DEFINITIONAL_REPRESENTATION('',(#3017),#3025);
#3017 = ( BOUNDED_CURVE() B_SPLINE_CURVE(2,(#3018,#3019,#3020,#3021,
#3022,#3023,#3024),.UNSPECIFIED.,.T.,.F.) B_SPLINE_CURVE_WITH_KNOTS((1,2
    ,2,2,2,1),(-2.094395102393,0.,2.094395102393,4.188790204786,
6.28318530718,8.377580409573),.UNSPECIFIED.) CURVE() 
GEOMETRIC_REPRESENTATION_ITEM() RATIONAL_B_SPLINE_CURVE((1.,0.5,1.,0.5,
1.,0.5,1.)) REPRESENTATION_ITEM('') );
#3018 = CARTESIAN_POINT('',(1.,0.));
#3019 = CARTESIAN_POINT('',(1.,-65.12511036459));
#3020 = CARTESIAN_POINT('',(-55.4,-32.56255518229));
#3021 = CARTESIAN_POINT('',(-111.8,-9.209343929588E-15));
#3022 = CARTESIAN_POINT('',(-55.4,32.562555182295));
#3023 = CARTESIAN_POINT('',(1.,65.12511036459));
#3024 = CARTESIAN_POINT('',(1.,0.));
#3025 = ( GEOMETRIC_REPRESENTATION_CONTEXT(2) 
PARAMETRIC_REPRESENTATION_CONTEXT() REPRESENTATION_CONTEXT('2D SPACE',''
  ) );
#3026 = ORIENTED_EDGE('',*,*,#2814,.F.);
#3027 = FACE_BOUND('',#3028,.F.);
#3028 = EDGE_LOOP('',(#3029,#3057,#3090,#3111));
#3029 = ORIENTED_EDGE('',*,*,#3030,.F.);
#3030 = EDGE_CURVE('',#3031,#3033,#3035,.T.);
#3031 = VERTEX_POINT('',#3032);
#3032 = CARTESIAN_POINT('',(-37.58292349726,-1.133076077993,20.));
#3033 = VERTEX_POINT('',#3034);
#3034 = CARTESIAN_POINT('',(-37.58292349726,-1.133076077993,10.));
#3035 = SURFACE_CURVE('',#3036,(#3040,#3046),.PCURVE_S1.);
#3036 = LINE('',#3037,#3038);
#3037 = CARTESIAN_POINT('',(-37.58292349726,-1.133076077992,0.));
#3038 = VECTOR('',#3039,1.);
#3039 = DIRECTION('',(-0.,-0.,-1.));
#3040 = PCURVE('',#2704,#3041);
#3041 = DEFINITIONAL_REPRESENTATION('',(#3042),#3045);
#3042 = B_SPLINE_CURVE_WITH_KNOTS('',1,(#3043,#3044),.UNSPECIFIED.,.F.,
  .F.,(2,2),(-20.0000006,-9.9999994),.PIECEWISE_BEZIER_KNOTS.);
#3043 = CARTESIAN_POINT('',(-3.171732218554,-20.0000006));
#3044 = CARTESIAN_POINT('',(-3.171732218554,-9.9999994));
#3045 = ( GEOMETRIC_REPRESENTATION_CONTEXT(2) 
PARAMETRIC_REPRESENTATION_CONTEXT() REPRESENTATION_CONTEXT('2D SPACE',''
  ) );
#3046 = PCURVE('',#3047,#3052);
#3047 = CYLINDRICAL_SURFACE('',#3048,1.5);
#3048 = AXIS2_PLACEMENT_3D('',#3049,#3050,#3051);
#3049 = CARTESIAN_POINT('',(-36.6,0.,10.));
#3050 = DIRECTION('',(0.,0.,1.));
#3051 = DIRECTION('',(1.,0.,0.));
#3052 = DEFINITIONAL_REPRESENTATION('',(#3053),#3056);
#3053 = B_SPLINE_CURVE_WITH_KNOTS('',1,(#3054,#3055),.UNSPECIFIED.,.F.,
  .F.,(2,2),(-20.0000006,-9.9999994),.PIECEWISE_BEZIER_KNOTS.);
#3054 = CARTESIAN_POINT('',(3.997832661572,10.0000006));
#3055 = CARTESIAN_POINT('',(3.997832661572,-5.999999999062E-07));
#3056 = ( GEOMETRIC_REPRESENTATION_CONTEXT(2) 
PARAMETRIC_REPRESENTATION_CONTEXT() REPRESENTATION_CONTEXT('2D SPACE',''
  ) );
#3057 = ORIENTED_EDGE('',*,*,#3058,.T.);
#3058 = EDGE_CURVE('',#3031,#3059,#3061,.T.);
#3059 = VERTEX_POINT('',#3060);
#3060 = CARTESIAN_POINT('',(-37.58292349726,1.133076077993,20.));
#3061 = SURFACE_CURVE('',#3062,(#3067,#3074),.PCURVE_S1.);
#3062 = CIRCLE('',#3063,37.6);
#3063 = AXIS2_PLACEMENT_3D('',#3064,#3065,#3066);
#3064 = CARTESIAN_POINT('',(0.,0.,20.));
#3065 = DIRECTION('',(0.,0.,-1.));
#3066 = DIRECTION('',(1.,0.,0.));
#3067 = PCURVE('',#2704,#3068);
#3068 = DEFINITIONAL_REPRESENTATION('',(#3069),#3073);
#3069 = LINE('',#3070,#3071);
#3070 = CARTESIAN_POINT('',(-6.28318530718,-20.));
#3071 = VECTOR('',#3072,1.);
#3072 = DIRECTION('',(1.,-0.));
#3073 = ( GEOMETRIC_REPRESENTATION_CONTEXT(2) 
PARAMETRIC_REPRESENTATION_CONTEXT() REPRESENTATION_CONTEXT('2D SPACE',''
  ) );
#3074 = PCURVE('',#3075,#3080);
#3075 = PLANE('',#3076);
#3076 = AXIS2_PLACEMENT_3D('',#3077,#3078,#3079);
#3077 = CARTESIAN_POINT('',(-36.6,0.,20.));
#3078 = DIRECTION('',(0.,0.,1.));
#3079 = DIRECTION('',(1.,0.,0.));
#3080 = DEFINITIONAL_REPRESENTATION('',(#3081),#3089);
#3081 = ( BOUNDED_CURVE() B_SPLINE_CURVE(2,(#3082,#3083,#3084,#3085,
#3086,#3087,#3088),.UNSPECIFIED.,.T.,.F.) B_SPLINE_CURVE_WITH_KNOTS((1,2
    ,2,2,2,1),(-2.094395102393,0.,2.094395102393,4.188790204786,
6.28318530718,8.377580409573),.UNSPECIFIED.) CURVE() 
GEOMETRIC_REPRESENTATION_ITEM() RATIONAL_B_SPLINE_CURVE((1.,0.5,1.,0.5,
1.,0.5,1.)) REPRESENTATION_ITEM('') );
#3082 = CARTESIAN_POINT('',(74.2,0.));
#3083 = CARTESIAN_POINT('',(74.2,-65.12511036459));
#3084 = CARTESIAN_POINT('',(17.8,-32.56255518229));
#3085 = CARTESIAN_POINT('',(-38.6,-9.209343929588E-15));
#3086 = CARTESIAN_POINT('',(17.8,32.562555182295));
#3087 = CARTESIAN_POINT('',(74.2,65.12511036459));
#3088 = CARTESIAN_POINT('',(74.2,0.));
#3089 = ( GEOMETRIC_REPRESENTATION_CONTEXT(2) 
PARAMETRIC_REPRESENTATION_CONTEXT() REPRESENTATION_CONTEXT('2D SPACE',''
  ) );
#3090 = ORIENTED_EDGE('',*,*,#3091,.T.);
#3091 = EDGE_CURVE('',#3059,#3092,#3094,.T.);
#3092 = VERTEX_POINT('',#3093);
#3093 = CARTESIAN_POINT('',(-37.58292349726,1.133076077993,10.));
#3094 = SURFACE_CURVE('',#3095,(#3099,#3105),.PCURVE_S1.);
#3095 = LINE('',#3096,#3097);
#3096 = CARTESIAN_POINT('',(-37.58292349726,1.133076077992,0.));
#3097 = VECTOR('',#3098,1.);
#3098 = DIRECTION('',(-0.,-0.,-1.));
#3099 = PCURVE('',#2704,#3100);
#3100 = DEFINITIONAL_REPRESENTATION('',(#3101),#3104);
#3101 = B_SPLINE_CURVE_WITH_KNOTS('',1,(#3102,#3103),.UNSPECIFIED.,.F.,
  .F.,(2,2),(-20.0000006,-9.9999994),.PIECEWISE_BEZIER_KNOTS.);
#3102 = CARTESIAN_POINT('',(-3.111453088626,-20.0000006));
#3103 = CARTESIAN_POINT('',(-3.111453088626,-9.9999994));
#3104 = ( GEOMETRIC_REPRESENTATION_CONTEXT(2) 
PARAMETRIC_REPRESENTATION_CONTEXT() REPRESENTATION_CONTEXT('2D SPACE',''
  ) );
#3105 = PCURVE('',#3047,#3106);
#3106 = DEFINITIONAL_REPRESENTATION('',(#3107),#3110);
#3107 = B_SPLINE_CURVE_WITH_KNOTS('',1,(#3108,#3109),.UNSPECIFIED.,.F.,
  .F.,(2,2),(-20.0000006,-9.9999994),.PIECEWISE_BEZIER_KNOTS.);
#3108 = CARTESIAN_POINT('',(2.285352645607,10.0000006));
#3109 = CARTESIAN_POINT('',(2.285352645607,-5.999999999062E-07));
#3110 = ( GEOMETRIC_REPRESENTATION_CONTEXT(2) 
PARAMETRIC_REPRESENTATION_CONTEXT() REPRESENTATION_CONTEXT('2D SPACE',''
  ) );
#3111 = ORIENTED_EDGE('',*,*,#3112,.F.);
#3112 = EDGE_CURVE('',#3033,#3092,#3113,.T.);
#3113 = SURFACE_CURVE('',#3114,(#3119,#3126),.PCURVE_S1.);
#3114 = CIRCLE('',#3115,37.6);
#3115 = AXIS2_PLACEMENT_3D('',#3116,#3117,#3118);
#3116 = CARTESIAN_POINT('',(0.,0.,10.));
#3117 = DIRECTION('',(0.,0.,-1.));
#3118 = DIRECTION('',(1.,0.,0.));
#3119 = PCURVE('',#2704,#3120);
#3120 = DEFINITIONAL_REPRESENTATION('',(#3121),#3125);
#3121 = LINE('',#3122,#3123);
#3122 = CARTESIAN_POINT('',(-6.28318530718,-10.));
#3123 = VECTOR('',#3124,1.);
#3124 = DIRECTION('',(1.,-0.));
#3125 = ( GEOMETRIC_REPRESENTATION_CONTEXT(2) 
PARAMETRIC_REPRESENTATION_CONTEXT() REPRESENTATION_CONTEXT('2D SPACE',''
  ) );
#3126 = PCURVE('',#3127,#3132);
#3127 = PLANE('',#3128);
#3128 = AXIS2_PLACEMENT_3D('',#3129,#3130,#3131);
#3129 = CARTESIAN_POINT('',(-36.6,0.,10.));
#3130 = DIRECTION('',(0.,0.,1.));
#3131 = DIRECTION('',(1.,0.,0.));
#3132 = DEFINITIONAL_REPRESENTATION('',(#3133),#3141);
#3133 = ( BOUNDED_CURVE() B_SPLINE_CURVE(2,(#3134,#3135,#3136,#3137,
#3138,#3139,#3140),.UNSPECIFIED.,.T.,.F.) B_SPLINE_CURVE_WITH_KNOTS((1,2
    ,2,2,2,1),(-2.094395102393,0.,2.094395102393,4.188790204786,
6.28318530718,8.377580409573),.UNSPECIFIED.) CURVE() 
GEOMETRIC_REPRESENTATION_ITEM() RATIONAL_B_SPLINE_CURVE((1.,0.5,1.,0.5,
1.,0.5,1.)) REPRESENTATION_ITEM('') );
#3134 = CARTESIAN_POINT('',(74.2,0.));
#3135 = CARTESIAN_POINT('',(74.2,-65.12511036459));
#3136 = CARTESIAN_POINT('',(17.8,-32.56255518229));
#3137 = CARTESIAN_POINT('',(-38.6,-9.209343929588E-15));
#3138 = CARTESIAN_POINT('',(17.8,32.562555182295));
#3139 = CARTESIAN_POINT('',(74.2,65.12511036459));
#3140 = CARTESIAN_POINT('',(74.2,0.));
#3141 = ( GEOMETRIC_REPRESENTATION_CONTEXT(2) 
PARAMETRIC_REPRESENTATION_CONTEXT() REPRESENTATION_CONTEXT('2D SPACE',''
  ) );
#3142 = ADVANCED_FACE('',(#3143),#2854,.F.);
#3143 = FACE_BOUND('',#3144,.F.);
#3144 = EDGE_LOOP('',(#3145,#3146,#3172));
#3145 = ORIENTED_EDGE('',*,*,#3001,.T.);
#3146 = ORIENTED_EDGE('',*,*,#3147,.F.);
#3147 = EDGE_CURVE('',#2838,#2981,#3148,.T.);
#3148 = SURFACE_CURVE('',#3149,(#3154,#3165),.PCURVE_S1.);
#3149 = CIRCLE('',#3150,1.5);
#3150 = AXIS2_PLACEMENT_3D('',#3151,#3152,#3153);
#3151 = CARTESIAN_POINT('',(36.6,0.,10.));
#3152 = DIRECTION('',(0.,0.,-1.));
#3153 = DIRECTION('',(0.655282331512,0.755384051995,0.));
#3154 = PCURVE('',#2854,#3155);
#3155 = DEFINITIONAL_REPRESENTATION('',(#3156),#3164);
#3156 = ( BOUNDED_CURVE() B_SPLINE_CURVE(2,(#3157,#3158,#3159,#3160,
#3161,#3162,#3163),.UNSPECIFIED.,.T.,.F.) B_SPLINE_CURVE_WITH_KNOTS((1,2
    ,2,2,2,1),(-2.094395102393,0.,2.094395102393,4.188790204786,
6.28318530718,8.377580409573),.UNSPECIFIED.) CURVE() 
GEOMETRIC_REPRESENTATION_ITEM() RATIONAL_B_SPLINE_CURVE((1.,0.5,1.,0.5,
1.,0.5,1.)) REPRESENTATION_ITEM('') );
#3157 = CARTESIAN_POINT('',(0.982923497268,1.133076077993));
#3158 = CARTESIAN_POINT('',(2.945468833192,-0.569397359229));
#3159 = CARTESIAN_POINT('',(0.489810919328,-1.417774757607));
#3160 = CARTESIAN_POINT('',(-1.965846994536,-2.266152155985));
#3161 = CARTESIAN_POINT('',(-1.472734416596,0.284698679614));
#3162 = CARTESIAN_POINT('',(-0.979621838656,2.835549515214));
#3163 = CARTESIAN_POINT('',(0.982923497268,1.133076077993));
#3164 = ( GEOMETRIC_REPRESENTATION_CONTEXT(2) 
PARAMETRIC_REPRESENTATION_CONTEXT() REPRESENTATION_CONTEXT('2D SPACE',''
  ) );
#3165 = PCURVE('',#2885,#3166);
#3166 = DEFINITIONAL_REPRESENTATION('',(#3167),#3171);
#3167 = LINE('',#3168,#3169);
#3168 = CARTESIAN_POINT('',(7.139425315162,0.));
#3169 = VECTOR('',#3170,1.);
#3170 = DIRECTION('',(-1.,-0.));
#3171 = ( GEOMETRIC_REPRESENTATION_CONTEXT(2) 
PARAMETRIC_REPRESENTATION_CONTEXT() REPRESENTATION_CONTEXT('2D SPACE',''
  ) );
#3172 = ORIENTED_EDGE('',*,*,#2837,.T.);
#3173 = ADVANCED_FACE('',(#3174),#2885,.T.);
#3174 = FACE_BOUND('',#3175,.T.);
#3175 = EDGE_LOOP('',(#3176,#3177,#3178,#3204));
#3176 = ORIENTED_EDGE('',*,*,#3147,.F.);
#3177 = ORIENTED_EDGE('',*,*,#2870,.F.);
#3178 = ORIENTED_EDGE('',*,*,#3179,.T.);
#3179 = EDGE_CURVE('',#2871,#2953,#3180,.T.);
#3180 = SURFACE_CURVE('',#3181,(#3186,#3193),.PCURVE_S1.);
#3181 = CIRCLE('',#3182,1.5);
#3182 = AXIS2_PLACEMENT_3D('',#3183,#3184,#3185);
#3183 = CARTESIAN_POINT('',(36.6,0.,20.));
#3184 = DIRECTION('',(0.,0.,-1.));
#3185 = DIRECTION('',(0.655282331512,0.755384051995,0.));
#3186 = PCURVE('',#2885,#3187);
#3187 = DEFINITIONAL_REPRESENTATION('',(#3188),#3192);
#3188 = LINE('',#3189,#3190);
#3189 = CARTESIAN_POINT('',(7.139425315162,10.));
#3190 = VECTOR('',#3191,1.);
#3191 = DIRECTION('',(-1.,-0.));
#3192 = ( GEOMETRIC_REPRESENTATION_CONTEXT(2) 
PARAMETRIC_REPRESENTATION_CONTEXT() REPRESENTATION_CONTEXT('2D SPACE',''
  ) );
#3193 = PCURVE('',#2913,#3194);
#3194 = DEFINITIONAL_REPRESENTATION('',(#3195),#3203);
#3195 = ( BOUNDED_CURVE() B_SPLINE_CURVE(2,(#3196,#3197,#3198,#3199,
#3200,#3201,#3202),.UNSPECIFIED.,.T.,.F.) B_SPLINE_CURVE_WITH_KNOTS((1,2
    ,2,2,2,1),(-2.094395102393,0.,2.094395102393,4.188790204786,
6.28318530718,8.377580409573),.UNSPECIFIED.) CURVE() 
GEOMETRIC_REPRESENTATION_ITEM() RATIONAL_B_SPLINE_CURVE((1.,0.5,1.,0.5,
1.,0.5,1.)) REPRESENTATION_ITEM('') );
#3196 = CARTESIAN_POINT('',(0.982923497268,1.133076077993));
#3197 = CARTESIAN_POINT('',(2.945468833192,-0.569397359229));
#3198 = CARTESIAN_POINT('',(0.489810919328,-1.417774757607));
#3199 = CARTESIAN_POINT('',(-1.965846994536,-2.266152155985));
#3200 = CARTESIAN_POINT('',(-1.472734416596,0.284698679614));
#3201 = CARTESIAN_POINT('',(-0.979621838656,2.835549515214));
#3202 = CARTESIAN_POINT('',(0.982923497268,1.133076077993));
#3203 = ( GEOMETRIC_REPRESENTATION_CONTEXT(2) 
PARAMETRIC_REPRESENTATION_CONTEXT() REPRESENTATION_CONTEXT('2D SPACE',''
  ) );
#3204 = ORIENTED_EDGE('',*,*,#2980,.T.);
#3205 = ADVANCED_FACE('',(#3206),#2913,.T.);
#3206 = FACE_BOUND('',#3207,.T.);
#3207 = EDGE_LOOP('',(#3208,#3209,#3210));
#3208 = ORIENTED_EDGE('',*,*,#2952,.T.);
#3209 = ORIENTED_EDGE('',*,*,#3179,.F.);
#3210 = ORIENTED_EDGE('',*,*,#2896,.T.);
#3211 = ADVANCED_FACE('',(#3212),#3047,.T.);
#3212 = FACE_BOUND('',#3213,.T.);
#3213 = EDGE_LOOP('',(#3214,#3236,#3237,#3259));
#3214 = ORIENTED_EDGE('',*,*,#3215,.F.);
#3215 = EDGE_CURVE('',#3059,#3031,#3216,.T.);
#3216 = SURFACE_CURVE('',#3217,(#3222,#3229),.PCURVE_S1.);
#3217 = CIRCLE('',#3218,1.5);
#3218 = AXIS2_PLACEMENT_3D('',#3219,#3220,#3221);
#3219 = CARTESIAN_POINT('',(-36.6,0.,20.));
#3220 = DIRECTION('',(0.,0.,1.));
#3221 = DIRECTION('',(1.,0.,0.));
#3222 = PCURVE('',#3047,#3223);
#3223 = DEFINITIONAL_REPRESENTATION('',(#3224),#3228);
#3224 = LINE('',#3225,#3226);
#3225 = CARTESIAN_POINT('',(0.,10.));
#3226 = VECTOR('',#3227,1.);
#3227 = DIRECTION('',(1.,0.));
#3228 = ( GEOMETRIC_REPRESENTATION_CONTEXT(2) 
PARAMETRIC_REPRESENTATION_CONTEXT() REPRESENTATION_CONTEXT('2D SPACE',''
  ) );
#3229 = PCURVE('',#3075,#3230);
#3230 = DEFINITIONAL_REPRESENTATION('',(#3231),#3235);
#3231 = CIRCLE('',#3232,1.5);
#3232 = AXIS2_PLACEMENT_2D('',#3233,#3234);
#3233 = CARTESIAN_POINT('',(0.,0.));
#3234 = DIRECTION('',(1.,0.));
#3235 = ( GEOMETRIC_REPRESENTATION_CONTEXT(2) 
PARAMETRIC_REPRESENTATION_CONTEXT() REPRESENTATION_CONTEXT('2D SPACE',''
  ) );
#3236 = ORIENTED_EDGE('',*,*,#3091,.T.);
#3237 = ORIENTED_EDGE('',*,*,#3238,.T.);
#3238 = EDGE_CURVE('',#3092,#3033,#3239,.T.);
#3239 = SURFACE_CURVE('',#3240,(#3245,#3252),.PCURVE_S1.);
#3240 = CIRCLE('',#3241,1.5);
#3241 = AXIS2_PLACEMENT_3D('',#3242,#3243,#3244);
#3242 = CARTESIAN_POINT('',(-36.6,0.,10.));
#3243 = DIRECTION('',(0.,0.,1.));
#3244 = DIRECTION('',(1.,0.,0.));
#3245 = PCURVE('',#3047,#3246);
#3246 = DEFINITIONAL_REPRESENTATION('',(#3247),#3251);
#3247 = LINE('',#3248,#3249);
#3248 = CARTESIAN_POINT('',(0.,0.));
#3249 = VECTOR('',#3250,1.);
#3250 = DIRECTION('',(1.,0.));
#3251 = ( GEOMETRIC_REPRESENTATION_CONTEXT(2) 
PARAMETRIC_REPRESENTATION_CONTEXT() REPRESENTATION_CONTEXT('2D SPACE',''
  ) );
#3252 = PCURVE('',#3127,#3253);
#3253 = DEFINITIONAL_REPRESENTATION('',(#3254),#3258);
#3254 = CIRCLE('',#3255,1.5);
#3255 = AXIS2_PLACEMENT_2D('',#3256,#3257);
#3256 = CARTESIAN_POINT('',(0.,0.));
#3257 = DIRECTION('',(1.,0.));
#3258 = ( GEOMETRIC_REPRESENTATION_CONTEXT(2) 
PARAMETRIC_REPRESENTATION_CONTEXT() REPRESENTATION_CONTEXT('2D SPACE',''
  ) );
#3259 = ORIENTED_EDGE('',*,*,#3030,.F.);
#3260 = ADVANCED_FACE('',(#3261),#3127,.F.);
#3261 = FACE_BOUND('',#3262,.F.);
#3262 = EDGE_LOOP('',(#3263,#3264));
#3263 = ORIENTED_EDGE('',*,*,#3112,.T.);
#3264 = ORIENTED_EDGE('',*,*,#3238,.T.);
#3265 = ADVANCED_FACE('',(#3266),#3075,.T.);
#3266 = FACE_BOUND('',#3267,.T.);
#3267 = EDGE_LOOP('',(#3268,#3269));
#3268 = ORIENTED_EDGE('',*,*,#3058,.T.);
#3269 = ORIENTED_EDGE('',*,*,#3215,.T.);
#3270 = ( GEOMETRIC_REPRESENTATION_CONTEXT(3) 
GLOBAL_UNCERTAINTY_ASSIGNED_CONTEXT((#3274)) 
GLOBAL_UNIT_ASSIGNED_CONTEXT((#3271,#3272,#3273)) REPRESENTATION_CONTEXT
('Context #1','3D Context with UNIT and UNCERTAINTY') );
#3271 = ( LENGTH_UNIT() NAMED_UNIT(*) SI_UNIT(.MILLI.,.METRE.) );
#3272 = ( NAMED_UNIT(*) PLANE_ANGLE_UNIT() SI_UNIT($,.RADIAN.) );
#3273 = ( NAMED_UNIT(*) SI_UNIT($,.STERADIAN.) SOLID_ANGLE_UNIT() );
#3274 = UNCERTAINTY_MEASURE_WITH_UNIT(LENGTH_MEASURE(1.E-07),#3271,
  'distance_accuracy_value','confusion accuracy');
#3275 = CONTEXT_DEPENDENT_SHAPE_REPRESENTATION(#3276,#3278);
#3276 = ( REPRESENTATION_RELATIONSHIP('','',#2223,#2184) 
REPRESENTATION_RELATIONSHIP_WITH_TRANSFORMATION(#3277) 
SHAPE_REPRESENTATION_RELATIONSHIP() );
#3277 = ITEM_DEFINED_TRANSFORMATION('','',#11,#2185);
#3278 = PRODUCT_DEFINITION_SHAPE('Placement','Placement of an item',
  #3279);
#3279 = NEXT_ASSEMBLY_USAGE_OCCURRENCE('13','=>[0:1:1:10]','',#2179,
  #2218,$);
#3280 = PRODUCT_RELATED_PRODUCT_CATEGORY('part',$,(#2220));
#3281 = SHAPE_DEFINITION_REPRESENTATION(#3282,#3288);
#3282 = PRODUCT_DEFINITION_SHAPE('','',#3283);
#3283 = PRODUCT_DEFINITION('design','',#3284,#3287);
#3284 = PRODUCT_DEFINITION_FORMATION('','',#3285);
#3285 = PRODUCT('SOLID','SOLID','',(#3286));
#3286 = PRODUCT_CONTEXT('',#2,'mechanical');
#3287 = PRODUCT_DEFINITION_CONTEXT('part definition',#2,'design');
#3288 = ADVANCED_BREP_SHAPE_REPRESENTATION('',(#11,#3289),#3387);
#3289 = MANIFOLD_SOLID_BREP('',#3290);
#3290 = CLOSED_SHELL('',(#3291,#3379,#3383));
#3291 = ADVANCED_FACE('',(#3292),#3305,.T.);
#3292 = FACE_BOUND('',#3293,.T.);
#3293 = EDGE_LOOP('',(#3294,#3328,#3351,#3378));
#3294 = ORIENTED_EDGE('',*,*,#3295,.F.);
#3295 = EDGE_CURVE('',#3296,#3296,#3298,.T.);
#3296 = VERTEX_POINT('',#3297);
#3297 = CARTESIAN_POINT('',(1.5,-3.673940397442E-16,10.));
#3298 = SURFACE_CURVE('',#3299,(#3304,#3316),.PCURVE_S1.);
#3299 = CIRCLE('',#3300,1.5);
#3300 = AXIS2_PLACEMENT_3D('',#3301,#3302,#3303);
#3301 = CARTESIAN_POINT('',(0.,0.,10.));
#3302 = DIRECTION('',(0.,0.,1.));
#3303 = DIRECTION('',(1.,0.,-0.));
#3304 = PCURVE('',#3305,#3310);
#3305 = CYLINDRICAL_SURFACE('',#3306,1.5);
#3306 = AXIS2_PLACEMENT_3D('',#3307,#3308,#3309);
#3307 = CARTESIAN_POINT('',(0.,0.,0.));
#3308 = DIRECTION('',(0.,0.,1.));
#3309 = DIRECTION('',(1.,0.,-0.));
#3310 = DEFINITIONAL_REPRESENTATION('',(#3311),#3315);
#3311 = LINE('',#3312,#3313);
#3312 = CARTESIAN_POINT('',(0.,10.));
#3313 = VECTOR('',#3314,1.);
#3314 = DIRECTION('',(1.,0.));
#3315 = ( GEOMETRIC_REPRESENTATION_CONTEXT(2) 
PARAMETRIC_REPRESENTATION_CONTEXT() REPRESENTATION_CONTEXT('2D SPACE',''
  ) );
#3316 = PCURVE('',#3317,#3322);
#3317 = PLANE('',#3318);
#3318 = AXIS2_PLACEMENT_3D('',#3319,#3320,#3321);
#3319 = CARTESIAN_POINT('',(0.,0.,10.));
#3320 = DIRECTION('',(0.,0.,1.));
#3321 = DIRECTION('',(1.,0.,-0.));
#3322 = DEFINITIONAL_REPRESENTATION('',(#3323),#3327);
#3323 = CIRCLE('',#3324,1.5);
#3324 = AXIS2_PLACEMENT_2D('',#3325,#3326);
#3325 = CARTESIAN_POINT('',(0.,0.));
#3326 = DIRECTION('',(1.,0.));
#3327 = ( GEOMETRIC_REPRESENTATION_CONTEXT(2) 
PARAMETRIC_REPRESENTATION_CONTEXT() REPRESENTATION_CONTEXT('2D SPACE',''
  ) );
#3328 = ORIENTED_EDGE('',*,*,#3329,.F.);
#3329 = EDGE_CURVE('',#3330,#3296,#3332,.T.);
#3330 = VERTEX_POINT('',#3331);
#3331 = CARTESIAN_POINT('',(1.5,-3.673940397442E-16,0.));
#3332 = SEAM_CURVE('',#3333,(#3337,#3344),.PCURVE_S1.);
#3333 = LINE('',#3334,#3335);
#3334 = CARTESIAN_POINT('',(1.5,-3.673940397442E-16,0.));
#3335 = VECTOR('',#3336,1.);
#3336 = DIRECTION('',(0.,0.,1.));
#3337 = PCURVE('',#3305,#3338);
#3338 = DEFINITIONAL_REPRESENTATION('',(#3339),#3343);
#3339 = LINE('',#3340,#3341);
#3340 = CARTESIAN_POINT('',(6.28318530718,-0.));
#3341 = VECTOR('',#3342,1.);
#3342 = DIRECTION('',(0.,1.));
#3343 = ( GEOMETRIC_REPRESENTATION_CONTEXT(2) 
PARAMETRIC_REPRESENTATION_CONTEXT() REPRESENTATION_CONTEXT('2D SPACE',''
  ) );
#3344 = PCURVE('',#3305,#3345);
#3345 = DEFINITIONAL_REPRESENTATION('',(#3346),#3350);
#3346 = LINE('',#3347,#3348);
#3347 = CARTESIAN_POINT('',(0.,-0.));
#3348 = VECTOR('',#3349,1.);
#3349 = DIRECTION('',(0.,1.));
#3350 = ( GEOMETRIC_REPRESENTATION_CONTEXT(2) 
PARAMETRIC_REPRESENTATION_CONTEXT() REPRESENTATION_CONTEXT('2D SPACE',''
  ) );
#3351 = ORIENTED_EDGE('',*,*,#3352,.T.);
#3352 = EDGE_CURVE('',#3330,#3330,#3353,.T.);
#3353 = SURFACE_CURVE('',#3354,(#3359,#3366),.PCURVE_S1.);
#3354 = CIRCLE('',#3355,1.5);
#3355 = AXIS2_PLACEMENT_3D('',#3356,#3357,#3358);
#3356 = CARTESIAN_POINT('',(0.,0.,0.));
#3357 = DIRECTION('',(0.,0.,1.));
#3358 = DIRECTION('',(1.,0.,-0.));
#3359 = PCURVE('',#3305,#3360);
#3360 = DEFINITIONAL_REPRESENTATION('',(#3361),#3365);
#3361 = LINE('',#3362,#3363);
#3362 = CARTESIAN_POINT('',(0.,0.));
#3363 = VECTOR('',#3364,1.);
#3364 = DIRECTION('',(1.,0.));
#3365 = ( GEOMETRIC_REPRESENTATION_CONTEXT(2) 
PARAMETRIC_REPRESENTATION_CONTEXT() REPRESENTATION_CONTEXT('2D SPACE',''
  ) );
#3366 = PCURVE('',#3367,#3372);
#3367 = PLANE('',#3368);
#3368 = AXIS2_PLACEMENT_3D('',#3369,#3370,#3371);
#3369 = CARTESIAN_POINT('',(0.,0.,0.));
#3370 = DIRECTION('',(0.,0.,1.));
#3371 = DIRECTION('',(1.,0.,-0.));
#3372 = DEFINITIONAL_REPRESENTATION('',(#3373),#3377);
#3373 = CIRCLE('',#3374,1.5);
#3374 = AXIS2_PLACEMENT_2D('',#3375,#3376);
#3375 = CARTESIAN_POINT('',(0.,0.));
#3376 = DIRECTION('',(1.,0.));
#3377 = ( GEOMETRIC_REPRESENTATION_CONTEXT(2) 
PARAMETRIC_REPRESENTATION_CONTEXT() REPRESENTATION_CONTEXT('2D SPACE',''
  ) );
#3378 = ORIENTED_EDGE('',*,*,#3329,.T.);
#3379 = ADVANCED_FACE('',(#3380),#3317,.T.);
#3380 = FACE_BOUND('',#3381,.T.);
#3381 = EDGE_LOOP('',(#3382));
#3382 = ORIENTED_EDGE('',*,*,#3295,.T.);
#3383 = ADVANCED_FACE('',(#3384),#3367,.F.);
#3384 = FACE_BOUND('',#3385,.T.);
#3385 = EDGE_LOOP('',(#3386));
#3386 = ORIENTED_EDGE('',*,*,#3352,.F.);
#3387 = ( GEOMETRIC_REPRESENTATION_CONTEXT(3) 
GLOBAL_UNCERTAINTY_ASSIGNED_CONTEXT((#3391)) 
GLOBAL_UNIT_ASSIGNED_CONTEXT((#3388,#3389,#3390)) REPRESENTATION_CONTEXT
('Context #1','3D Context with UNIT and UNCERTAINTY') );
#3388 = ( LENGTH_UNIT() NAMED_UNIT(*) SI_UNIT(.MILLI.,.METRE.) );
#3389 = ( NAMED_UNIT(*) PLANE_ANGLE_UNIT() SI_UNIT($,.RADIAN.) );
#3390 = ( NAMED_UNIT(*) SI_UNIT($,.STERADIAN.) SOLID_ANGLE_UNIT() );
#3391 = UNCERTAINTY_MEASURE_WITH_UNIT(LENGTH_MEASURE(1.E-07),#3388,
  'distance_accuracy_value','confusion accuracy');
#3392 = CONTEXT_DEPENDENT_SHAPE_REPRESENTATION(#3393,#3395);
#3393 = ( REPRESENTATION_RELATIONSHIP('','',#3288,#2184) 
REPRESENTATION_RELATIONSHIP_WITH_TRANSFORMATION(#3394) 
SHAPE_REPRESENTATION_RELATIONSHIP() );
#3394 = ITEM_DEFINED_TRANSFORMATION('','',#11,#2189);
#3395 = PRODUCT_DEFINITION_SHAPE('Placement','Placement of an item',
  #3396);
#3396 = NEXT_ASSEMBLY_USAGE_OCCURRENCE('14','=>[0:1:1:11]','',#2179,
  #3283,$);
#3397 = PRODUCT_RELATED_PRODUCT_CATEGORY('part',$,(#3285));
#3398 = SHAPE_DEFINITION_REPRESENTATION(#3399,#3405);
#3399 = PRODUCT_DEFINITION_SHAPE('','',#3400);
#3400 = PRODUCT_DEFINITION('design','',#3401,#3404);
#3401 = PRODUCT_DEFINITION_FORMATION('','',#3402);
#3402 = PRODUCT('SOLID','SOLID','',(#3403));
#3403 = PRODUCT_CONTEXT('',#2,'mechanical');
#3404 = PRODUCT_DEFINITION_CONTEXT('part definition',#2,'design');
#3405 = ADVANCED_BREP_SHAPE_REPRESENTATION('',(#11,#3406),#3504);
#3406 = MANIFOLD_SOLID_BREP('',#3407);
#3407 = CLOSED_SHELL('',(#3408,#3496,#3500));
#3408 = ADVANCED_FACE('',(#3409),#3422,.T.);
#3409 = FACE_BOUND('',#3410,.T.);
#3410 = EDGE_LOOP('',(#3411,#3445,#3468,#3495));
#3411 = ORIENTED_EDGE('',*,*,#3412,.F.);
#3412 = EDGE_CURVE('',#3413,#3413,#3415,.T.);
#3413 = VERTEX_POINT('',#3414);
#3414 = CARTESIAN_POINT('',(1.5,-3.673940397442E-16,10.));
#3415 = SURFACE_CURVE('',#3416,(#3421,#3433),.PCURVE_S1.);
#3416 = CIRCLE('',#3417,1.5);
#3417 = AXIS2_PLACEMENT_3D('',#3418,#3419,#3420);
#3418 = CARTESIAN_POINT('',(0.,0.,10.));
#3419 = DIRECTION('',(0.,0.,1.));
#3420 = DIRECTION('',(1.,0.,-0.));
#3421 = PCURVE('',#3422,#3427);
#3422 = CYLINDRICAL_SURFACE('',#3423,1.5);
#3423 = AXIS2_PLACEMENT_3D('',#3424,#3425,#3426);
#3424 = CARTESIAN_POINT('',(0.,0.,0.));
#3425 = DIRECTION('',(0.,0.,1.));
#3426 = DIRECTION('',(1.,0.,-0.));
#3427 = DEFINITIONAL_REPRESENTATION('',(#3428),#3432);
#3428 = LINE('',#3429,#3430);
#3429 = CARTESIAN_POINT('',(0.,10.));
#3430 = VECTOR('',#3431,1.);
#3431 = DIRECTION('',(1.,0.));
#3432 = ( GEOMETRIC_REPRESENTATION_CONTEXT(2) 
PARAMETRIC_REPRESENTATION_CONTEXT() REPRESENTATION_CONTEXT('2D SPACE',''
  ) );
#3433 = PCURVE('',#3434,#3439);
#3434 = PLANE('',#3435);
#3435 = AXIS2_PLACEMENT_3D('',#3436,#3437,#3438);
#3436 = CARTESIAN_POINT('',(0.,0.,10.));
#3437 = DIRECTION('',(0.,0.,1.));
#3438 = DIRECTION('',(1.,0.,-0.));
#3439 = DEFINITIONAL_REPRESENTATION('',(#3440),#3444);
#3440 = CIRCLE('',#3441,1.5);
#3441 = AXIS2_PLACEMENT_2D('',#3442,#3443);
#3442 = CARTESIAN_POINT('',(0.,0.));
#3443 = DIRECTION('',(1.,0.));
#3444 = ( GEOMETRIC_REPRESENTATION_CONTEXT(2) 
PARAMETRIC_REPRESENTATION_CONTEXT() REPRESENTATION_CONTEXT('2D SPACE',''
  ) );
#3445 = ORIENTED_EDGE('',*,*,#3446,.F.);
#3446 = EDGE_CURVE('',#3447,#3413,#3449,.T.);
#3447 = VERTEX_POINT('',#3448);
#3448 = CARTESIAN_POINT('',(1.5,-3.673940397442E-16,0.));
#3449 = SEAM_CURVE('',#3450,(#3454,#3461),.PCURVE_S1.);
#3450 = LINE('',#3451,#3452);
#3451 = CARTESIAN_POINT('',(1.5,-3.673940397442E-16,0.));
#3452 = VECTOR('',#3453,1.);
#3453 = DIRECTION('',(0.,0.,1.));
#3454 = PCURVE('',#3422,#3455);
#3455 = DEFINITIONAL_REPRESENTATION('',(#3456),#3460);
#3456 = LINE('',#3457,#3458);
#3457 = CARTESIAN_POINT('',(6.28318530718,-0.));
#3458 = VECTOR('',#3459,1.);
#3459 = DIRECTION('',(0.,1.));
#3460 = ( GEOMETRIC_REPRESENTATION_CONTEXT(2) 
PARAMETRIC_REPRESENTATION_CONTEXT() REPRESENTATION_CONTEXT('2D SPACE',''
  ) );
#3461 = PCURVE('',#3422,#3462);
#3462 = DEFINITIONAL_REPRESENTATION('',(#3463),#3467);
#3463 = LINE('',#3464,#3465);
#3464 = CARTESIAN_POINT('',(0.,-0.));
#3465 = VECTOR('',#3466,1.);
#3466 = DIRECTION('',(0.,1.));
#3467 = ( GEOMETRIC_REPRESENTATION_CONTEXT(2) 
PARAMETRIC_REPRESENTATION_CONTEXT() REPRESENTATION_CONTEXT('2D SPACE',''
  ) );
#3468 = ORIENTED_EDGE('',*,*,#3469,.T.);
#3469 = EDGE_CURVE('',#3447,#3447,#3470,.T.);
#3470 = SURFACE_CURVE('',#3471,(#3476,#3483),.PCURVE_S1.);
#3471 = CIRCLE('',#3472,1.5);
#3472 = AXIS2_PLACEMENT_3D('',#3473,#3474,#3475);
#3473 = CARTESIAN_POINT('',(0.,0.,0.));
#3474 = DIRECTION('',(0.,0.,1.));
#3475 = DIRECTION('',(1.,0.,-0.));
#3476 = PCURVE('',#3422,#3477);
#3477 = DEFINITIONAL_REPRESENTATION('',(#3478),#3482);
#3478 = LINE('',#3479,#3480);
#3479 = CARTESIAN_POINT('',(0.,0.));
#3480 = VECTOR('',#3481,1.);
#3481 = DIRECTION('',(1.,0.));
#3482 = ( GEOMETRIC_REPRESENTATION_CONTEXT(2) 
PARAMETRIC_REPRESENTATION_CONTEXT() REPRESENTATION_CONTEXT('2D SPACE',''
  ) );
#3483 = PCURVE('',#3484,#3489);
#3484 = PLANE('',#3485);
#3485 = AXIS2_PLACEMENT_3D('',#3486,#3487,#3488);
#3486 = CARTESIAN_POINT('',(0.,0.,0.));
#3487 = DIRECTION('',(0.,0.,1.));
#3488 = DIRECTION('',(1.,0.,-0.));
#3489 = DEFINITIONAL_REPRESENTATION('',(#3490),#3494);
#3490 = CIRCLE('',#3491,1.5);
#3491 = AXIS2_PLACEMENT_2D('',#3492,#3493);
#3492 = CARTESIAN_POINT('',(0.,0.));
#3493 = DIRECTION('',(1.,0.));
#3494 = ( GEOMETRIC_REPRESENTATION_CONTEXT(2) 
PARAMETRIC_REPRESENTATION_CONTEXT() REPRESENTATION_CONTEXT('2D SPACE',''
  ) );
#3495 = ORIENTED_EDGE('',*,*,#3446,.T.);
#3496 = ADVANCED_FACE('',(#3497),#3434,.T.);
#3497 = FACE_BOUND('',#3498,.T.);
#3498 = EDGE_LOOP('',(#3499));
#3499 = ORIENTED_EDGE('',*,*,#3412,.T.);
#3500 = ADVANCED_FACE('',(#3501),#3484,.F.);
#3501 = FACE_BOUND('',#3502,.T.);
#3502 = EDGE_LOOP('',(#3503));
#3503 = ORIENTED_EDGE('',*,*,#3469,.F.);
#3504 = ( GEOMETRIC_REPRESENTATION_CONTEXT(3) 
GLOBAL_UNCERTAINTY_ASSIGNED_CONTEXT((#3508)) 
GLOBAL_UNIT_ASSIGNED_CONTEXT((#3505,#3506,#3507)) REPRESENTATION_CONTEXT
('Context #1','3D Context with UNIT and UNCERTAINTY') );
#3505 = ( LENGTH_UNIT() NAMED_UNIT(*) SI_UNIT(.MILLI.,.METRE.) );
#3506 = ( NAMED_UNIT(*) PLANE_ANGLE_UNIT() SI_UNIT($,.RADIAN.) );
#3507 = ( NAMED_UNIT(*) SI_UNIT($,.STERADIAN.) SOLID_ANGLE_UNIT() );
#3508 = UNCERTAINTY_MEASURE_WITH_UNIT(LENGTH_MEASURE(1.E-07),#3505,
  'distance_accuracy_value','confusion accuracy');
#3509 = CONTEXT_DEPENDENT_SHAPE_REPRESENTATION(#3510,#3512);
#3510 = ( REPRESENTATION_RELATIONSHIP('','',#3405,#2184) 
REPRESENTATION_RELATIONSHIP_WITH_TRANSFORMATION(#3511) 
SHAPE_REPRESENTATION_RELATIONSHIP() );
#3511 = ITEM_DEFINED_TRANSFORMATION('','',#11,#2193);
#3512 = PRODUCT_DEFINITION_SHAPE('Placement','Placement of an item',
  #3513);
#3513 = NEXT_ASSEMBLY_USAGE_OCCURRENCE('15','=>[0:1:1:12]','',#2179,
  #3400,$);
#3514 = PRODUCT_RELATED_PRODUCT_CATEGORY('part',$,(#3402));
#3515 = SHAPE_DEFINITION_REPRESENTATION(#3516,#3522);
#3516 = PRODUCT_DEFINITION_SHAPE('','',#3517);
#3517 = PRODUCT_DEFINITION('design','',#3518,#3521);
#3518 = PRODUCT_DEFINITION_FORMATION('','',#3519);
#3519 = PRODUCT('SOLID','SOLID','',(#3520));
#3520 = PRODUCT_CONTEXT('',#2,'mechanical');
#3521 = PRODUCT_DEFINITION_CONTEXT('part definition',#2,'design');
#3522 = ADVANCED_BREP_SHAPE_REPRESENTATION('',(#11,#3523),#3621);
#3523 = MANIFOLD_SOLID_BREP('',#3524);
#3524 = CLOSED_SHELL('',(#3525,#3613,#3617));
#3525 = ADVANCED_FACE('',(#3526),#3539,.T.);
#3526 = FACE_BOUND('',#3527,.T.);
#3527 = EDGE_LOOP('',(#3528,#3562,#3585,#3612));
#3528 = ORIENTED_EDGE('',*,*,#3529,.F.);
#3529 = EDGE_CURVE('',#3530,#3530,#3532,.T.);
#3530 = VERTEX_POINT('',#3531);
#3531 = CARTESIAN_POINT('',(1.5,-3.673940397442E-16,10.));
#3532 = SURFACE_CURVE('',#3533,(#3538,#3550),.PCURVE_S1.);
#3533 = CIRCLE('',#3534,1.5);
#3534 = AXIS2_PLACEMENT_3D('',#3535,#3536,#3537);
#3535 = CARTESIAN_POINT('',(0.,0.,10.));
#3536 = DIRECTION('',(0.,0.,1.));
#3537 = DIRECTION('',(1.,0.,-0.));
#3538 = PCURVE('',#3539,#3544);
#3539 = CYLINDRICAL_SURFACE('',#3540,1.5);
#3540 = AXIS2_PLACEMENT_3D('',#3541,#3542,#3543);
#3541 = CARTESIAN_POINT('',(0.,0.,0.));
#3542 = DIRECTION('',(0.,0.,1.));
#3543 = DIRECTION('',(1.,0.,-0.));
#3544 = DEFINITIONAL_REPRESENTATION('',(#3545),#3549);
#3545 = LINE('',#3546,#3547);
#3546 = CARTESIAN_POINT('',(0.,10.));
#3547 = VECTOR('',#3548,1.);
#3548 = DIRECTION('',(1.,0.));
#3549 = ( GEOMETRIC_REPRESENTATION_CONTEXT(2) 
PARAMETRIC_REPRESENTATION_CONTEXT() REPRESENTATION_CONTEXT('2D SPACE',''
  ) );
#3550 = PCURVE('',#3551,#3556);
#3551 = PLANE('',#3552);
#3552 = AXIS2_PLACEMENT_3D('',#3553,#3554,#3555);
#3553 = CARTESIAN_POINT('',(0.,0.,10.));
#3554 = DIRECTION('',(0.,0.,1.));
#3555 = DIRECTION('',(1.,0.,-0.));
#3556 = DEFINITIONAL_REPRESENTATION('',(#3557),#3561);
#3557 = CIRCLE('',#3558,1.5);
#3558 = AXIS2_PLACEMENT_2D('',#3559,#3560);
#3559 = CARTESIAN_POINT('',(0.,0.));
#3560 = DIRECTION('',(1.,0.));
#3561 = ( GEOMETRIC_REPRESENTATION_CONTEXT(2) 
PARAMETRIC_REPRESENTATION_CONTEXT() REPRESENTATION_CONTEXT('2D SPACE',''
  ) );
#3562 = ORIENTED_EDGE('',*,*,#3563,.F.);
#3563 = EDGE_CURVE('',#3564,#3530,#3566,.T.);
#3564 = VERTEX_POINT('',#3565);
#3565 = CARTESIAN_POINT('',(1.5,-3.673940397442E-16,0.));
#3566 = SEAM_CURVE('',#3567,(#3571,#3578),.PCURVE_S1.);
#3567 = LINE('',#3568,#3569);
#3568 = CARTESIAN_POINT('',(1.5,-3.673940397442E-16,0.));
#3569 = VECTOR('',#3570,1.);
#3570 = DIRECTION('',(0.,0.,1.));
#3571 = PCURVE('',#3539,#3572);
#3572 = DEFINITIONAL_REPRESENTATION('',(#3573),#3577);
#3573 = LINE('',#3574,#3575);
#3574 = CARTESIAN_POINT('',(6.28318530718,-0.));
#3575 = VECTOR('',#3576,1.);
#3576 = DIRECTION('',(0.,1.));
#3577 = ( GEOMETRIC_REPRESENTATION_CONTEXT(2) 
PARAMETRIC_REPRESENTATION_CONTEXT() REPRESENTATION_CONTEXT('2D SPACE',''
  ) );
#3578 = PCURVE('',#3539,#3579);
#3579 = DEFINITIONAL_REPRESENTATION('',(#3580),#3584);
#3580 = LINE('',#3581,#3582);
#3581 = CARTESIAN_POINT('',(0.,-0.));
#3582 = VECTOR('',#3583,1.);
#3583 = DIRECTION('',(0.,1.));
#3584 = ( GEOMETRIC_REPRESENTATION_CONTEXT(2) 
PARAMETRIC_REPRESENTATION_CONTEXT() REPRESENTATION_CONTEXT('2D SPACE',''
  ) );
#3585 = ORIENTED_EDGE('',*,*,#3586,.T.);
#3586 = EDGE_CURVE('',#3564,#3564,#3587,.T.);
#3587 = SURFACE_CURVE('',#3588,(#3593,#3600),.PCURVE_S1.);
#3588 = CIRCLE('',#3589,1.5);
#3589 = AXIS2_PLACEMENT_3D('',#3590,#3591,#3592);
#3590 = CARTESIAN_POINT('',(0.,0.,0.));
#3591 = DIRECTION('',(0.,0.,1.));
#3592 = DIRECTION('',(1.,0.,-0.));
#3593 = PCURVE('',#3539,#3594);
#3594 = DEFINITIONAL_REPRESENTATION('',(#3595),#3599);
#3595 = LINE('',#3596,#3597);
#3596 = CARTESIAN_POINT('',(0.,0.));
#3597 = VECTOR('',#3598,1.);
#3598 = DIRECTION('',(1.,0.));
#3599 = ( GEOMETRIC_REPRESENTATION_CONTEXT(2) 
PARAMETRIC_REPRESENTATION_CONTEXT() REPRESENTATION_CONTEXT('2D SPACE',''
  ) );
#3600 = PCURVE('',#3601,#3606);
#3601 = PLANE('',#3602);
#3602 = AXIS2_PLACEMENT_3D('',#3603,#3604,#3605);
#3603 = CARTESIAN_POINT('',(0.,0.,0.));
#3604 = DIRECTION('',(0.,0.,1.));
#3605 = DIRECTION('',(1.,0.,-0.));
#3606 = DEFINITIONAL_REPRESENTATION('',(#3607),#3611);
#3607 = CIRCLE('',#3608,1.5);
#3608 = AXIS2_PLACEMENT_2D('',#3609,#3610);
#3609 = CARTESIAN_POINT('',(0.,0.));
#3610 = DIRECTION('',(1.,0.));
#3611 = ( GEOMETRIC_REPRESENTATION_CONTEXT(2) 
PARAMETRIC_REPRESENTATION_CONTEXT() REPRESENTATION_CONTEXT('2D SPACE',''
  ) );
#3612 = ORIENTED_EDGE('',*,*,#3563,.T.);
#3613 = ADVANCED_FACE('',(#3614),#3551,.T.);
#3614 = FACE_BOUND('',#3615,.T.);
#3615 = EDGE_LOOP('',(#3616));
#3616 = ORIENTED_EDGE('',*,*,#3529,.T.);
#3617 = ADVANCED_FACE('',(#3618),#3601,.F.);
#3618 = FACE_BOUND('',#3619,.T.);
#3619 = EDGE_LOOP('',(#3620));
#3620 = ORIENTED_EDGE('',*,*,#3586,.F.);
#3621 = ( GEOMETRIC_REPRESENTATION_CONTEXT(3) 
GLOBAL_UNCERTAINTY_ASSIGNED_CONTEXT((#3625)) 
GLOBAL_UNIT_ASSIGNED_CONTEXT((#3622,#3623,#3624)) REPRESENTATION_CONTEXT
('Context #1','3D Context with UNIT and UNCERTAINTY') );
#3622 = ( LENGTH_UNIT() NAMED_UNIT(*) SI_UNIT(.MILLI.,.METRE.) );
#3623 = ( NAMED_UNIT(*) PLANE_ANGLE_UNIT() SI_UNIT($,.RADIAN.) );
#3624 = ( NAMED_UNIT(*) SI_UNIT($,.STERADIAN.) SOLID_ANGLE_UNIT() );
#3625 = UNCERTAINTY_MEASURE_WITH_UNIT(LENGTH_MEASURE(1.E-07),#3622,
  'distance_accuracy_value','confusion accuracy');
#3626 = CONTEXT_DEPENDENT_SHAPE_REPRESENTATION(#3627,#3629);
#3627 = ( REPRESENTATION_RELATIONSHIP('','',#3522,#2184) 
REPRESENTATION_RELATIONSHIP_WITH_TRANSFORMATION(#3628) 
SHAPE_REPRESENTATION_RELATIONSHIP() );
#3628 = ITEM_DEFINED_TRANSFORMATION('','',#11,#2197);
#3629 = PRODUCT_DEFINITION_SHAPE('Placement','Placement of an item',
  #3630);
#3630 = NEXT_ASSEMBLY_USAGE_OCCURRENCE('16','=>[0:1:1:13]','',#2179,
  #3517,$);
#3631 = PRODUCT_RELATED_PRODUCT_CATEGORY('part',$,(#3519));
#3632 = SHAPE_DEFINITION_REPRESENTATION(#3633,#3639);
#3633 = PRODUCT_DEFINITION_SHAPE('','',#3634);
#3634 = PRODUCT_DEFINITION('design','',#3635,#3638);
#3635 = PRODUCT_DEFINITION_FORMATION('','',#3636);
#3636 = PRODUCT('SOLID','SOLID','',(#3637));
#3637 = PRODUCT_CONTEXT('',#2,'mechanical');
#3638 = PRODUCT_DEFINITION_CONTEXT('part definition',#2,'design');
#3639 = ADVANCED_BREP_SHAPE_REPRESENTATION('',(#11,#3640),#3738);
#3640 = MANIFOLD_SOLID_BREP('',#3641);
#3641 = CLOSED_SHELL('',(#3642,#3730,#3734));
#3642 = ADVANCED_FACE('',(#3643),#3656,.T.);
#3643 = FACE_BOUND('',#3644,.T.);
#3644 = EDGE_LOOP('',(#3645,#3679,#3702,#3729));
#3645 = ORIENTED_EDGE('',*,*,#3646,.F.);
#3646 = EDGE_CURVE('',#3647,#3647,#3649,.T.);
#3647 = VERTEX_POINT('',#3648);
#3648 = CARTESIAN_POINT('',(1.5,-3.673940397442E-16,10.));
#3649 = SURFACE_CURVE('',#3650,(#3655,#3667),.PCURVE_S1.);
#3650 = CIRCLE('',#3651,1.5);
#3651 = AXIS2_PLACEMENT_3D('',#3652,#3653,#3654);
#3652 = CARTESIAN_POINT('',(0.,0.,10.));
#3653 = DIRECTION('',(0.,0.,1.));
#3654 = DIRECTION('',(1.,0.,-0.));
#3655 = PCURVE('',#3656,#3661);
#3656 = CYLINDRICAL_SURFACE('',#3657,1.5);
#3657 = AXIS2_PLACEMENT_3D('',#3658,#3659,#3660);
#3658 = CARTESIAN_POINT('',(0.,0.,0.));
#3659 = DIRECTION('',(0.,0.,1.));
#3660 = DIRECTION('',(1.,0.,-0.));
#3661 = DEFINITIONAL_REPRESENTATION('',(#3662),#3666);
#3662 = LINE('',#3663,#3664);
#3663 = CARTESIAN_POINT('',(0.,10.));
#3664 = VECTOR('',#3665,1.);
#3665 = DIRECTION('',(1.,0.));
#3666 = ( GEOMETRIC_REPRESENTATION_CONTEXT(2) 
PARAMETRIC_REPRESENTATION_CONTEXT() REPRESENTATION_CONTEXT('2D SPACE',''
  ) );
#3667 = PCURVE('',#3668,#3673);
#3668 = PLANE('',#3669);
#3669 = AXIS2_PLACEMENT_3D('',#3670,#3671,#3672);
#3670 = CARTESIAN_POINT('',(0.,0.,10.));
#3671 = DIRECTION('',(0.,0.,1.));
#3672 = DIRECTION('',(1.,0.,-0.));
#3673 = DEFINITIONAL_REPRESENTATION('',(#3674),#3678);
#3674 = CIRCLE('',#3675,1.5);
#3675 = AXIS2_PLACEMENT_2D('',#3676,#3677);
#3676 = CARTESIAN_POINT('',(0.,0.));
#3677 = DIRECTION('',(1.,0.));
#3678 = ( GEOMETRIC_REPRESENTATION_CONTEXT(2) 
PARAMETRIC_REPRESENTATION_CONTEXT() REPRESENTATION_CONTEXT('2D SPACE',''
  ) );
#3679 = ORIENTED_EDGE('',*,*,#3680,.F.);
#3680 = EDGE_CURVE('',#3681,#3647,#3683,.T.);
#3681 = VERTEX_POINT('',#3682);
#3682 = CARTESIAN_POINT('',(1.5,-3.673940397442E-16,0.));
#3683 = SEAM_CURVE('',#3684,(#3688,#3695),.PCURVE_S1.);
#3684 = LINE('',#3685,#3686);
#3685 = CARTESIAN_POINT('',(1.5,-3.673940397442E-16,0.));
#3686 = VECTOR('',#3687,1.);
#3687 = DIRECTION('',(0.,0.,1.));
#3688 = PCURVE('',#3656,#3689);
#3689 = DEFINITIONAL_REPRESENTATION('',(#3690),#3694);
#3690 = LINE('',#3691,#3692);
#3691 = CARTESIAN_POINT('',(6.28318530718,-0.));
#3692 = VECTOR('',#3693,1.);
#3693 = DIRECTION('',(0.,1.));
#3694 = ( GEOMETRIC_REPRESENTATION_CONTEXT(2) 
PARAMETRIC_REPRESENTATION_CONTEXT() REPRESENTATION_CONTEXT('2D SPACE',''
  ) );
#3695 = PCURVE('',#3656,#3696);
#3696 = DEFINITIONAL_REPRESENTATION('',(#3697),#3701);
#3697 = LINE('',#3698,#3699);
#3698 = CARTESIAN_POINT('',(0.,-0.));
#3699 = VECTOR('',#3700,1.);
#3700 = DIRECTION('',(0.,1.));
#3701 = ( GEOMETRIC_REPRESENTATION_CONTEXT(2) 
PARAMETRIC_REPRESENTATION_CONTEXT() REPRESENTATION_CONTEXT('2D SPACE',''
  ) );
#3702 = ORIENTED_EDGE('',*,*,#3703,.T.);
#3703 = EDGE_CURVE('',#3681,#3681,#3704,.T.);
#3704 = SURFACE_CURVE('',#3705,(#3710,#3717),.PCURVE_S1.);
#3705 = CIRCLE('',#3706,1.5);
#3706 = AXIS2_PLACEMENT_3D('',#3707,#3708,#3709);
#3707 = CARTESIAN_POINT('',(0.,0.,0.));
#3708 = DIRECTION('',(0.,0.,1.));
#3709 = DIRECTION('',(1.,0.,-0.));
#3710 = PCURVE('',#3656,#3711);
#3711 = DEFINITIONAL_REPRESENTATION('',(#3712),#3716);
#3712 = LINE('',#3713,#3714);
#3713 = CARTESIAN_POINT('',(0.,0.));
#3714 = VECTOR('',#3715,1.);
#3715 = DIRECTION('',(1.,0.));
#3716 = ( GEOMETRIC_REPRESENTATION_CONTEXT(2) 
PARAMETRIC_REPRESENTATION_CONTEXT() REPRESENTATION_CONTEXT('2D SPACE',''
  ) );
#3717 = PCURVE('',#3718,#3723);
#3718 = PLANE('',#3719);
#3719 = AXIS2_PLACEMENT_3D('',#3720,#3721,#3722);
#3720 = CARTESIAN_POINT('',(0.,0.,0.));
#3721 = DIRECTION('',(0.,0.,1.));
#3722 = DIRECTION('',(1.,0.,-0.));
#3723 = DEFINITIONAL_REPRESENTATION('',(#3724),#3728);
#3724 = CIRCLE('',#3725,1.5);
#3725 = AXIS2_PLACEMENT_2D('',#3726,#3727);
#3726 = CARTESIAN_POINT('',(0.,0.));
#3727 = DIRECTION('',(1.,0.));
#3728 = ( GEOMETRIC_REPRESENTATION_CONTEXT(2) 
PARAMETRIC_REPRESENTATION_CONTEXT() REPRESENTATION_CONTEXT('2D SPACE',''
  ) );
#3729 = ORIENTED_EDGE('',*,*,#3680,.T.);
#3730 = ADVANCED_FACE('',(#3731),#3668,.T.);
#3731 = FACE_BOUND('',#3732,.T.);
#3732 = EDGE_LOOP('',(#3733));
#3733 = ORIENTED_EDGE('',*,*,#3646,.T.);
#3734 = ADVANCED_FACE('',(#3735),#3718,.F.);
#3735 = FACE_BOUND('',#3736,.T.);
#3736 = EDGE_LOOP('',(#3737));
#3737 = ORIENTED_EDGE('',*,*,#3703,.F.);
#3738 = ( GEOMETRIC_REPRESENTATION_CONTEXT(3) 
GLOBAL_UNCERTAINTY_ASSIGNED_CONTEXT((#3742)) 
GLOBAL_UNIT_ASSIGNED_CONTEXT((#3739,#3740,#3741)) REPRESENTATION_CONTEXT
('Context #1','3D Context with UNIT and UNCERTAINTY') );
#3739 = ( LENGTH_UNIT() NAMED_UNIT(*) SI_UNIT(.MILLI.,.METRE.) );
#3740 = ( NAMED_UNIT(*) PLANE_ANGLE_UNIT() SI_UNIT($,.RADIAN.) );
#3741 = ( NAMED_UNIT(*) SI_UNIT($,.STERADIAN.) SOLID_ANGLE_UNIT() );
#3742 = UNCERTAINTY_MEASURE_WITH_UNIT(LENGTH_MEASURE(1.E-07),#3739,
  'distance_accuracy_value','confusion accuracy');
#3743 = CONTEXT_DEPENDENT_SHAPE_REPRESENTATION(#3744,#3746);
#3744 = ( REPRESENTATION_RELATIONSHIP('','',#3639,#2184) 
REPRESENTATION_RELATIONSHIP_WITH_TRANSFORMATION(#3745) 
SHAPE_REPRESENTATION_RELATIONSHIP() );
#3745 = ITEM_DEFINED_TRANSFORMATION('','',#11,#2201);
#3746 = PRODUCT_DEFINITION_SHAPE('Placement','Placement of an item',
  #3747);
#3747 = NEXT_ASSEMBLY_USAGE_OCCURRENCE('17','=>[0:1:1:14]','',#2179,
  #3634,$);
#3748 = PRODUCT_RELATED_PRODUCT_CATEGORY('part',$,(#3636));
ENDSEC;
END-ISO-10303-21;
